Date,CONF_Value,Daily_Change
2019-12-31,128.2,1.1
2020-01-01,128.2,1.1
2020-01-02,128.2,1.1
2020-01-03,128.2,1.1
2020-01-04,128.2,1.1
2020-01-05,128.2,1.1
2020-01-06,128.2,1.1
2020-01-07,128.2,1.1
2020-01-08,128.2,1.1
2020-01-09,128.2,1.1
2020-01-10,128.2,1.1
2020-01-11,128.2,1.1
2020-01-12,128.2,1.1
2020-01-13,128.2,1.1
2020-01-14,128.2,1.1
2020-01-15,128.2,1.1
2020-01-16,128.2,1.1
2020-01-17,128.2,1.1
2020-01-18,128.2,1.1
2020-01-19,128.2,1.1
2020-01-20,128.2,1.1
2020-01-21,128.2,1.1
2020-01-22,128.2,1.1
2020-01-23,128.2,1.1
2020-01-24,128.2,1.1
2020-01-25,128.2,1.1
2020-01-26,128.2,1.1
2020-01-27,128.2,1.1
2020-01-28,128.2,1.1
2020-01-29,128.2,1.1
2020-01-30,128.2,1.1
2020-01-31,130.4,1.72
2020-02-01,130.4,1.72
2020-02-02,130.4,1.72
2020-02-03,130.4,1.72
2020-02-04,130.4,1.72
2020-02-05,130.4,1.72
2020-02-06,130.4,1.72
2020-02-07,130.4,1.72
2020-02-08,130.4,1.72
2020-02-09,130.4,1.72
2020-02-10,130.4,1.72
2020-02-11,130.4,1.72
2020-02-12,130.4,1.72
2020-02-13,130.4,1.72
2020-02-14,130.4,1.72
2020-02-15,130.4,1.72
2020-02-16,130.4,1.72
2020-02-17,130.4,1.72
2020-02-18,130.4,1.72
2020-02-19,130.4,1.72
2020-02-20,130.4,1.72
2020-02-21,130.4,1.72
2020-02-22,130.4,1.72
2020-02-23,130.4,1.72
2020-02-24,130.4,1.72
2020-02-25,130.4,1.72
2020-02-26,130.4,1.72
2020-02-27,130.4,1.72
2020-02-28,130.4,1.72
2020-02-29,132.6,1.69
2020-03-01,132.6,1.69
2020-03-02,132.6,1.69
2020-03-03,132.6,1.69
2020-03-04,132.6,1.69
2020-03-05,132.6,1.69
2020-03-06,132.6,1.69
2020-03-07,132.6,1.69
2020-03-08,132.6,1.69
2020-03-09,132.6,1.69
2020-03-10,132.6,1.69
2020-03-11,132.6,1.69
2020-03-12,132.6,1.69
2020-03-13,132.6,1.69
2020-03-14,132.6,1.69
2020-03-15,132.6,1.69
2020-03-16,132.6,1.69
2020-03-17,132.6,1.69
2020-03-18,132.6,1.69
2020-03-19,132.6,1.69
2020-03-20,132.6,1.69
2020-03-21,132.6,1.69
2020-03-22,132.6,1.69
2020-03-23,132.6,1.69
2020-03-24,132.6,1.69
2020-03-25,132.6,1.69
2020-03-26,132.6,1.69
2020-03-27,132.6,1.69
2020-03-28,132.6,1.69
2020-03-29,132.6,1.69
2020-03-30,132.6,1.69
2020-03-31,118.8,-10.41
2020-04-01,118.8,-10.41
2020-04-02,118.8,-10.41
2020-04-03,118.8,-10.41
2020-04-04,118.8,-10.41
2020-04-05,118.8,-10.41
2020-04-06,118.8,-10.41
2020-04-07,118.8,-10.41
2020-04-08,118.8,-10.41
2020-04-09,118.8,-10.41
2020-04-10,118.8,-10.41
2020-04-11,118.8,-10.41
2020-04-12,118.8,-10.41
2020-04-13,118.8,-10.41
2020-04-14,118.8,-10.41
2020-04-15,118.8,-10.41
2020-04-16,118.8,-10.41
2020-04-17,118.8,-10.41
2020-04-18,118.8,-10.41
2020-04-19,118.8,-10.41
2020-04-20,118.8,-10.41
2020-04-21,118.8,-10.41
2020-04-22,118.8,-10.41
2020-04-23,118.8,-10.41
2020-04-24,118.8,-10.41
2020-04-25,118.8,-10.41
2020-04-26,118.8,-10.41
2020-04-27,118.8,-10.41
2020-04-28,118.8,-10.41
2020-04-29,118.8,-10.41
2020-04-30,85.7,-27.86
2020-05-01,85.7,-27.86
2020-05-02,85.7,-27.86
2020-05-03,85.7,-27.86
2020-05-04,85.7,-27.86
2020-05-05,85.7,-27.86
2020-05-06,85.7,-27.86
2020-05-07,85.7,-27.86
2020-05-08,85.7,-27.86
2020-05-09,85.7,-27.86
2020-05-10,85.7,-27.86
2020-05-11,85.7,-27.86
2020-05-12,85.7,-27.86
2020-05-13,85.7,-27.86
2020-05-14,85.7,-27.86
2020-05-15,85.7,-27.86
2020-05-16,85.7,-27.86
2020-05-17,85.7,-27.86
2020-05-18,85.7,-27.86
2020-05-19,85.7,-27.86
2020-05-20,85.7,-27.86
2020-05-21,85.7,-27.86
2020-05-22,85.7,-27.86
2020-05-23,85.7,-27.86
2020-05-24,85.7,-27.86
2020-05-25,85.7,-27.86
2020-05-26,85.7,-27.86
2020-05-27,85.7,-27.86
2020-05-28,85.7,-27.86
2020-05-29,85.7,-27.86
2020-05-30,85.7,-27.86
2020-05-31,85.9,0.23
2020-06-01,85.9,0.23
2020-06-02,85.9,0.23
2020-06-03,85.9,0.23
2020-06-04,85.9,0.23
2020-06-05,85.9,0.23
2020-06-06,85.9,0.23
2020-06-07,85.9,0.23
2020-06-08,85.9,0.23
2020-06-09,85.9,0.23
2020-06-10,85.9,0.23
2020-06-11,85.9,0.23
2020-06-12,85.9,0.23
2020-06-13,85.9,0.23
2020-06-14,85.9,0.23
2020-06-15,85.9,0.23
2020-06-16,85.9,0.23
2020-06-17,85.9,0.23
2020-06-18,85.9,0.23
2020-06-19,85.9,0.23
2020-06-20,85.9,0.23
2020-06-21,85.9,0.23
2020-06-22,85.9,0.23
2020-06-23,85.9,0.23
2020-06-24,85.9,0.23
2020-06-25,85.9,0.23
2020-06-26,85.9,0.23
2020-06-27,85.9,0.23
2020-06-28,85.9,0.23
2020-06-29,85.9,0.23
2020-06-30,98.3,14.44
2020-07-01,98.3,14.44
2020-07-02,98.3,14.44
2020-07-03,98.3,14.44
2020-07-04,98.3,14.44
2020-07-05,98.3,14.44
2020-07-06,98.3,14.44
2020-07-07,98.3,14.44
2020-07-08,98.3,14.44
2020-07-09,98.3,14.44
2020-07-10,98.3,14.44
2020-07-11,98.3,14.44
2020-07-12,98.3,14.44
2020-07-13,98.3,14.44
2020-07-14,98.3,14.44
2020-07-15,98.3,14.44
2020-07-16,98.3,14.44
2020-07-17,98.3,14.44
2020-07-18,98.3,14.44
2020-07-19,98.3,14.44
2020-07-20,98.3,14.44
2020-07-21,98.3,14.44
2020-07-22,98.3,14.44
2020-07-23,98.3,14.44
2020-07-24,98.3,14.44
2020-07-25,98.3,14.44
2020-07-26,98.3,14.44
2020-07-27,98.3,14.44
2020-07-28,98.3,14.44
2020-07-29,98.3,14.44
2020-07-30,98.3,14.44
2020-07-31,91.7,-6.71
2020-08-01,91.7,-6.71
2020-08-02,91.7,-6.71
2020-08-03,91.7,-6.71
2020-08-04,91.7,-6.71
2020-08-05,91.7,-6.71
2020-08-06,91.7,-6.71
2020-08-07,91.7,-6.71
2020-08-08,91.7,-6.71
2020-08-09,91.7,-6.71
2020-08-10,91.7,-6.71
2020-08-11,91.7,-6.71
2020-08-12,91.7,-6.71
2020-08-13,91.7,-6.71
2020-08-14,91.7,-6.71
2020-08-15,91.7,-6.71
2020-08-16,91.7,-6.71
2020-08-17,91.7,-6.71
2020-08-18,91.7,-6.71
2020-08-19,91.7,-6.71
2020-08-20,91.7,-6.71
2020-08-21,91.7,-6.71
2020-08-22,91.7,-6.71
2020-08-23,91.7,-6.71
2020-08-24,91.7,-6.71
2020-08-25,91.7,-6.71
2020-08-26,91.7,-6.71
2020-08-27,91.7,-6.71
2020-08-28,91.7,-6.71
2020-08-29,91.7,-6.71
2020-08-30,91.7,-6.71
2020-08-31,86.3,-5.89
2020-09-01,86.3,-5.89
2020-09-02,86.3,-5.89
2020-09-03,86.3,-5.89
2020-09-04,86.3,-5.89
2020-09-05,86.3,-5.89
2020-09-06,86.3,-5.89
2020-09-07,86.3,-5.89
2020-09-08,86.3,-5.89
2020-09-09,86.3,-5.89
2020-09-10,86.3,-5.89
2020-09-11,86.3,-5.89
2020-09-12,86.3,-5.89
2020-09-13,86.3,-5.89
2020-09-14,86.3,-5.89
2020-09-15,86.3,-5.89
2020-09-16,86.3,-5.89
2020-09-17,86.3,-5.89
2020-09-18,86.3,-5.89
2020-09-19,86.3,-5.89
2020-09-20,86.3,-5.89
2020-09-21,86.3,-5.89
2020-09-22,86.3,-5.89
2020-09-23,86.3,-5.89
2020-09-24,86.3,-5.89
2020-09-25,86.3,-5.89
2020-09-26,86.3,-5.89
2020-09-27,86.3,-5.89
2020-09-28,86.3,-5.89
2020-09-29,86.3,-5.89
2020-09-30,101.3,17.38
2020-10-01,101.3,17.38
2020-10-02,101.3,17.38
2020-10-03,101.3,17.38
2020-10-04,101.3,17.38
2020-10-05,101.3,17.38
2020-10-06,101.3,17.38
2020-10-07,101.3,17.38
2020-10-08,101.3,17.38
2020-10-09,101.3,17.38
2020-10-10,101.3,17.38
2020-10-11,101.3,17.38
2020-10-12,101.3,17.38
2020-10-13,101.3,17.38
2020-10-14,101.3,17.38
2020-10-15,101.3,17.38
2020-10-16,101.3,17.38
2020-10-17,101.3,17.38
2020-10-18,101.3,17.38
2020-10-19,101.3,17.38
2020-10-20,101.3,17.38
2020-10-21,101.3,17.38
2020-10-22,101.3,17.38
2020-10-23,101.3,17.38
2020-10-24,101.3,17.38
2020-10-25,101.3,17.38
2020-10-26,101.3,17.38
2020-10-27,101.3,17.38
2020-10-28,101.3,17.38
2020-10-29,101.3,17.38
2020-10-30,101.3,17.38
2020-10-31,101.4,0.1
2020-11-01,101.4,0.1
2020-11-02,101.4,0.1
2020-11-03,101.4,0.1
2020-11-04,101.4,0.1
2020-11-05,101.4,0.1
2020-11-06,101.4,0.1
2020-11-07,101.4,0.1
2020-11-08,101.4,0.1
2020-11-09,101.4,0.1
2020-11-10,101.4,0.1
2020-11-11,101.4,0.1
2020-11-12,101.4,0.1
2020-11-13,101.4,0.1
2020-11-14,101.4,0.1
2020-11-15,101.4,0.1
2020-11-16,101.4,0.1
2020-11-17,101.4,0.1
2020-11-18,101.4,0.1
2020-11-19,101.4,0.1
2020-11-20,101.4,0.1
2020-11-21,101.4,0.1
2020-11-22,101.4,0.1
2020-11-23,101.4,0.1
2020-11-24,101.4,0.1
2020-11-25,101.4,0.1
2020-11-26,101.4,0.1
2020-11-27,101.4,0.1
2020-11-28,101.4,0.1
2020-11-29,101.4,0.1
2020-11-30,92.9,-8.38
2020-12-01,92.9,-8.38
2020-12-02,92.9,-8.38
2020-12-03,92.9,-8.38
2020-12-04,92.9,-8.38
2020-12-05,92.9,-8.38
2020-12-06,92.9,-8.38
2020-12-07,92.9,-8.38
2020-12-08,92.9,-8.38
2020-12-09,92.9,-8.38
2020-12-10,92.9,-8.38
2020-12-11,92.9,-8.38
2020-12-12,92.9,-8.38
2020-12-13,92.9,-8.38
2020-12-14,92.9,-8.38
2020-12-15,92.9,-8.38
2020-12-16,92.9,-8.38
2020-12-17,92.9,-8.38
2020-12-18,92.9,-8.38
2020-12-19,92.9,-8.38
2020-12-20,92.9,-8.38
2020-12-21,92.9,-8.38
2020-12-22,92.9,-8.38
2020-12-23,92.9,-8.38
2020-12-24,92.9,-8.38
2020-12-25,92.9,-8.38
2020-12-26,92.9,-8.38
2020-12-27,92.9,-8.38
2020-12-28,92.9,-8.38
2020-12-29,92.9,-8.38
2020-12-30,92.9,-8.38
2020-12-31,87.1,-6.24
2021-01-01,87.1,-6.24
2021-01-02,87.1,-6.24
2021-01-03,87.1,-6.24
2021-01-04,87.1,-6.24
2021-01-05,87.1,-6.24
2021-01-06,87.1,-6.24
2021-01-07,87.1,-6.24
2021-01-08,87.1,-6.24
2021-01-09,87.1,-6.24
2021-01-10,87.1,-6.24
2021-01-11,87.1,-6.24
2021-01-12,87.1,-6.24
2021-01-13,87.1,-6.24
2021-01-14,87.1,-6.24
2021-01-15,87.1,-6.24
2021-01-16,87.1,-6.24
2021-01-17,87.1,-6.24
2021-01-18,87.1,-6.24
2021-01-19,87.1,-6.24
2021-01-20,87.1,-6.24
2021-01-21,87.1,-6.24
2021-01-22,87.1,-6.24
2021-01-23,87.1,-6.24
2021-01-24,87.1,-6.24
2021-01-25,87.1,-6.24
2021-01-26,87.1,-6.24
2021-01-27,87.1,-6.24
2021-01-28,87.1,-6.24
2021-01-29,87.1,-6.24
2021-01-30,87.1,-6.24
2021-01-31,87.1,0.0
2021-02-01,87.1,0.0
2021-02-02,87.1,0.0
2021-02-03,87.1,0.0
2021-02-04,87.1,0.0
2021-02-05,87.1,0.0
2021-02-06,87.1,0.0
2021-02-07,87.1,0.0
2021-02-08,87.1,0.0
2021-02-09,87.1,0.0
2021-02-10,87.1,0.0
2021-02-11,87.1,0.0
2021-02-12,87.1,0.0
2021-02-13,87.1,0.0
2021-02-14,87.1,0.0
2021-02-15,87.1,0.0
2021-02-16,87.1,0.0
2021-02-17,87.1,0.0
2021-02-18,87.1,0.0
2021-02-19,87.1,0.0
2021-02-20,87.1,0.0
2021-02-21,87.1,0.0
2021-02-22,87.1,0.0
2021-02-23,87.1,0.0
2021-02-24,87.1,0.0
2021-02-25,87.1,0.0
2021-02-26,87.1,0.0
2021-02-27,87.1,0.0
2021-02-28,95.2,9.3
2021-03-01,95.2,9.3
2021-03-02,95.2,9.3
2021-03-03,95.2,9.3
2021-03-04,95.2,9.3
2021-03-05,95.2,9.3
2021-03-06,95.2,9.3
2021-03-07,95.2,9.3
2021-03-08,95.2,9.3
2021-03-09,95.2,9.3
2021-03-10,95.2,9.3
2021-03-11,95.2,9.3
2021-03-12,95.2,9.3
2021-03-13,95.2,9.3
2021-03-14,95.2,9.3
2021-03-15,95.2,9.3
2021-03-16,95.2,9.3
2021-03-17,95.2,9.3
2021-03-18,95.2,9.3
2021-03-19,95.2,9.3
2021-03-20,95.2,9.3
2021-03-21,95.2,9.3
2021-03-22,95.2,9.3
2021-03-23,95.2,9.3
2021-03-24,95.2,9.3
2021-03-25,95.2,9.3
2021-03-26,95.2,9.3
2021-03-27,95.2,9.3
2021-03-28,95.2,9.3
2021-03-29,95.2,9.3
2021-03-30,95.2,9.3
2021-03-31,114.9,20.69
2021-04-01,114.9,20.69
2021-04-02,114.9,20.69
2021-04-03,114.9,20.69
2021-04-04,114.9,20.69
2021-04-05,114.9,20.69
2021-04-06,114.9,20.69
2021-04-07,114.9,20.69
2021-04-08,114.9,20.69
2021-04-09,114.9,20.69
2021-04-10,114.9,20.69
2021-04-11,114.9,20.69
2021-04-12,114.9,20.69
2021-04-13,114.9,20.69
2021-04-14,114.9,20.69
2021-04-15,114.9,20.69
2021-04-16,114.9,20.69
2021-04-17,114.9,20.69
2021-04-18,114.9,20.69
2021-04-19,114.9,20.69
2021-04-20,114.9,20.69
2021-04-21,114.9,20.69
2021-04-22,114.9,20.69
2021-04-23,114.9,20.69
2021-04-24,114.9,20.69
2021-04-25,114.9,20.69
2021-04-26,114.9,20.69
2021-04-27,114.9,20.69
2021-04-28,114.9,20.69
2021-04-29,114.9,20.69
2021-04-30,117.5,2.26
2021-05-01,117.5,2.26
2021-05-02,117.5,2.26
2021-05-03,117.5,2.26
2021-05-04,117.5,2.26
2021-05-05,117.5,2.26
2021-05-06,117.5,2.26
2021-05-07,117.5,2.26
2021-05-08,117.5,2.26
2021-05-09,117.5,2.26
2021-05-10,117.5,2.26
2021-05-11,117.5,2.26
2021-05-12,117.5,2.26
2021-05-13,117.5,2.26
2021-05-14,117.5,2.26
2021-05-15,117.5,2.26
2021-05-16,117.5,2.26
2021-05-17,117.5,2.26
2021-05-18,117.5,2.26
2021-05-19,117.5,2.26
2021-05-20,117.5,2.26
2021-05-21,117.5,2.26
2021-05-22,117.5,2.26
2021-05-23,117.5,2.26
2021-05-24,117.5,2.26
2021-05-25,117.5,2.26
2021-05-26,117.5,2.26
2021-05-27,117.5,2.26
2021-05-28,117.5,2.26
2021-05-29,117.5,2.26
2021-05-30,117.5,2.26
2021-05-31,120.0,2.13
2021-06-01,120.0,2.13
2021-06-02,120.0,2.13
2021-06-03,120.0,2.13
2021-06-04,120.0,2.13
2021-06-05,120.0,2.13
2021-06-06,120.0,2.13
2021-06-07,120.0,2.13
2021-06-08,120.0,2.13
2021-06-09,120.0,2.13
2021-06-10,120.0,2.13
2021-06-11,120.0,2.13
2021-06-12,120.0,2.13
2021-06-13,120.0,2.13
2021-06-14,120.0,2.13
2021-06-15,120.0,2.13
2021-06-16,120.0,2.13
2021-06-17,120.0,2.13
2021-06-18,120.0,2.13
2021-06-19,120.0,2.13
2021-06-20,120.0,2.13
2021-06-21,120.0,2.13
2021-06-22,120.0,2.13
2021-06-23,120.0,2.13
2021-06-24,120.0,2.13
2021-06-25,120.0,2.13
2021-06-26,120.0,2.13
2021-06-27,120.0,2.13
2021-06-28,120.0,2.13
2021-06-29,120.0,2.13
2021-06-30,128.9,7.42
2021-07-01,128.9,7.42
2021-07-02,128.9,7.42
2021-07-03,128.9,7.42
2021-07-04,128.9,7.42
2021-07-05,128.9,7.42
2021-07-06,128.9,7.42
2021-07-07,128.9,7.42
2021-07-08,128.9,7.42
2021-07-09,128.9,7.42
2021-07-10,128.9,7.42
2021-07-11,128.9,7.42
2021-07-12,128.9,7.42
2021-07-13,128.9,7.42
2021-07-14,128.9,7.42
2021-07-15,128.9,7.42
2021-07-16,128.9,7.42
2021-07-17,128.9,7.42
2021-07-18,128.9,7.42
2021-07-19,128.9,7.42
2021-07-20,128.9,7.42
2021-07-21,128.9,7.42
2021-07-22,128.9,7.42
2021-07-23,128.9,7.42
2021-07-24,128.9,7.42
2021-07-25,128.9,7.42
2021-07-26,128.9,7.42
2021-07-27,128.9,7.42
2021-07-28,128.9,7.42
2021-07-29,128.9,7.42
2021-07-30,128.9,7.42
2021-07-31,125.1,-2.95
2021-08-01,125.1,-2.95
2021-08-02,125.1,-2.95
2021-08-03,125.1,-2.95
2021-08-04,125.1,-2.95
2021-08-05,125.1,-2.95
2021-08-06,125.1,-2.95
2021-08-07,125.1,-2.95
2021-08-08,125.1,-2.95
2021-08-09,125.1,-2.95
2021-08-10,125.1,-2.95
2021-08-11,125.1,-2.95
2021-08-12,125.1,-2.95
2021-08-13,125.1,-2.95
2021-08-14,125.1,-2.95
2021-08-15,125.1,-2.95
2021-08-16,125.1,-2.95
2021-08-17,125.1,-2.95
2021-08-18,125.1,-2.95
2021-08-19,125.1,-2.95
2021-08-20,125.1,-2.95
2021-08-21,125.1,-2.95
2021-08-22,125.1,-2.95
2021-08-23,125.1,-2.95
2021-08-24,125.1,-2.95
2021-08-25,125.1,-2.95
2021-08-26,125.1,-2.95
2021-08-27,125.1,-2.95
2021-08-28,125.1,-2.95
2021-08-29,125.1,-2.95
2021-08-30,125.1,-2.95
2021-08-31,115.2,-7.91
2021-09-01,115.2,-7.91
2021-09-02,115.2,-7.91
2021-09-03,115.2,-7.91
2021-09-04,115.2,-7.91
2021-09-05,115.2,-7.91
2021-09-06,115.2,-7.91
2021-09-07,115.2,-7.91
2021-09-08,115.2,-7.91
2021-09-09,115.2,-7.91
2021-09-10,115.2,-7.91
2021-09-11,115.2,-7.91
2021-09-12,115.2,-7.91
2021-09-13,115.2,-7.91
2021-09-14,115.2,-7.91
2021-09-15,115.2,-7.91
2021-09-16,115.2,-7.91
2021-09-17,115.2,-7.91
2021-09-18,115.2,-7.91
2021-09-19,115.2,-7.91
2021-09-20,115.2,-7.91
2021-09-21,115.2,-7.91
2021-09-22,115.2,-7.91
2021-09-23,115.2,-7.91
2021-09-24,115.2,-7.91
2021-09-25,115.2,-7.91
2021-09-26,115.2,-7.91
2021-09-27,115.2,-7.91
2021-09-28,115.2,-7.91
2021-09-29,115.2,-7.91
2021-09-30,109.8,-4.69
2021-10-01,109.8,-4.69
2021-10-02,109.8,-4.69
2021-10-03,109.8,-4.69
2021-10-04,109.8,-4.69
2021-10-05,109.8,-4.69
2021-10-06,109.8,-4.69
2021-10-07,109.8,-4.69
2021-10-08,109.8,-4.69
2021-10-09,109.8,-4.69
2021-10-10,109.8,-4.69
2021-10-11,109.8,-4.69
2021-10-12,109.8,-4.69
2021-10-13,109.8,-4.69
2021-10-14,109.8,-4.69
2021-10-15,109.8,-4.69
2021-10-16,109.8,-4.69
2021-10-17,109.8,-4.69
2021-10-18,109.8,-4.69
2021-10-19,109.8,-4.69
2021-10-20,109.8,-4.69
2021-10-21,109.8,-4.69
2021-10-22,109.8,-4.69
2021-10-23,109.8,-4.69
2021-10-24,109.8,-4.69
2021-10-25,109.8,-4.69
2021-10-26,109.8,-4.69
2021-10-27,109.8,-4.69
2021-10-28,109.8,-4.69
2021-10-29,109.8,-4.69
2021-10-30,109.8,-4.69
2021-10-31,111.6,1.64
2021-11-01,111.6,1.64
2021-11-02,111.6,1.64
2021-11-03,111.6,1.64
2021-11-04,111.6,1.64
2021-11-05,111.6,1.64
2021-11-06,111.6,1.64
2021-11-07,111.6,1.64
2021-11-08,111.6,1.64
2021-11-09,111.6,1.64
2021-11-10,111.6,1.64
2021-11-11,111.6,1.64
2021-11-12,111.6,1.64
2021-11-13,111.6,1.64
2021-11-14,111.6,1.64
2021-11-15,111.6,1.64
2021-11-16,111.6,1.64
2021-11-17,111.6,1.64
2021-11-18,111.6,1.64
2021-11-19,111.6,1.64
2021-11-20,111.6,1.64
2021-11-21,111.6,1.64
2021-11-22,111.6,1.64
2021-11-23,111.6,1.64
2021-11-24,111.6,1.64
2021-11-25,111.6,1.64
2021-11-26,111.6,1.64
2021-11-27,111.6,1.64
2021-11-28,111.6,1.64
2021-11-29,111.6,1.64
2021-11-30,111.9,0.27
2021-12-01,111.9,0.27
2021-12-02,111.9,0.27
2021-12-03,111.9,0.27
2021-12-04,111.9,0.27
2021-12-05,111.9,0.27
2021-12-06,111.9,0.27
2021-12-07,111.9,0.27
2021-12-08,111.9,0.27
2021-12-09,111.9,0.27
2021-12-10,111.9,0.27
2021-12-11,111.9,0.27
2021-12-12,111.9,0.27
2021-12-13,111.9,0.27
2021-12-14,111.9,0.27
2021-12-15,111.9,0.27
2021-12-16,111.9,0.27
2021-12-17,111.9,0.27
2021-12-18,111.9,0.27
2021-12-19,111.9,0.27
2021-12-20,111.9,0.27
2021-12-21,111.9,0.27
2021-12-22,111.9,0.27
2021-12-23,111.9,0.27
2021-12-24,111.9,0.27
2021-12-25,111.9,0.27
2021-12-26,111.9,0.27
2021-12-27,111.9,0.27
2021-12-28,111.9,0.27
2021-12-29,111.9,0.27
2021-12-30,111.9,0.27
2021-12-31,115.2,2.95
2022-01-01,115.2,2.95
2022-01-02,115.2,2.95
2022-01-03,115.2,2.95
2022-01-04,115.2,2.95
2022-01-05,115.2,2.95
2022-01-06,115.2,2.95
2022-01-07,115.2,2.95
2022-01-08,115.2,2.95
2022-01-09,115.2,2.95
2022-01-10,115.2,2.95
2022-01-11,115.2,2.95
2022-01-12,115.2,2.95
2022-01-13,115.2,2.95
2022-01-14,115.2,2.95
2022-01-15,115.2,2.95
2022-01-16,115.2,2.95
2022-01-17,115.2,2.95
2022-01-18,115.2,2.95
2022-01-19,115.2,2.95
2022-01-20,115.2,2.95
2022-01-21,115.2,2.95
2022-01-22,115.2,2.95
2022-01-23,115.2,2.95
2022-01-24,115.2,2.95
2022-01-25,115.2,2.95
2022-01-26,115.2,2.95
2022-01-27,115.2,2.95
2022-01-28,115.2,2.95
2022-01-29,115.2,2.95
2022-01-30,115.2,2.95
2022-01-31,111.1,-3.56
2022-02-01,111.1,-3.56
2022-02-02,111.1,-3.56
2022-02-03,111.1,-3.56
2022-02-04,111.1,-3.56
2022-02-05,111.1,-3.56
2022-02-06,111.1,-3.56
2022-02-07,111.1,-3.56
2022-02-08,111.1,-3.56
2022-02-09,111.1,-3.56
2022-02-10,111.1,-3.56
2022-02-11,111.1,-3.56
2022-02-12,111.1,-3.56
2022-02-13,111.1,-3.56
2022-02-14,111.1,-3.56
2022-02-15,111.1,-3.56
2022-02-16,111.1,-3.56
2022-02-17,111.1,-3.56
2022-02-18,111.1,-3.56
2022-02-19,111.1,-3.56
2022-02-20,111.1,-3.56
2022-02-21,111.1,-3.56
2022-02-22,111.1,-3.56
2022-02-23,111.1,-3.56
2022-02-24,111.1,-3.56
2022-02-25,111.1,-3.56
2022-02-26,111.1,-3.56
2022-02-27,111.1,-3.56
2022-02-28,105.7,-4.86
2022-03-01,105.7,-4.86
2022-03-02,105.7,-4.86
2022-03-03,105.7,-4.86
2022-03-04,105.7,-4.86
2022-03-05,105.7,-4.86
2022-03-06,105.7,-4.86
2022-03-07,105.7,-4.86
2022-03-08,105.7,-4.86
2022-03-09,105.7,-4.86
2022-03-10,105.7,-4.86
2022-03-11,105.7,-4.86
2022-03-12,105.7,-4.86
2022-03-13,105.7,-4.86
2022-03-14,105.7,-4.86
2022-03-15,105.7,-4.86
2022-03-16,105.7,-4.86
2022-03-17,105.7,-4.86
2022-03-18,105.7,-4.86
2022-03-19,105.7,-4.86
2022-03-20,105.7,-4.86
2022-03-21,105.7,-4.86
2022-03-22,105.7,-4.86
2022-03-23,105.7,-4.86
2022-03-24,105.7,-4.86
2022-03-25,105.7,-4.86
2022-03-26,105.7,-4.86
2022-03-27,105.7,-4.86
2022-03-28,105.7,-4.86
2022-03-29,105.7,-4.86
2022-03-30,105.7,-4.86
2022-03-31,107.6,1.8
2022-04-01,107.6,1.8
2022-04-02,107.6,1.8
2022-04-03,107.6,1.8
2022-04-04,107.6,1.8
2022-04-05,107.6,1.8
2022-04-06,107.6,1.8
2022-04-07,107.6,1.8
2022-04-08,107.6,1.8
2022-04-09,107.6,1.8
2022-04-10,107.6,1.8
2022-04-11,107.6,1.8
2022-04-12,107.6,1.8
2022-04-13,107.6,1.8
2022-04-14,107.6,1.8
2022-04-15,107.6,1.8
2022-04-16,107.6,1.8
2022-04-17,107.6,1.8
2022-04-18,107.6,1.8
2022-04-19,107.6,1.8
2022-04-20,107.6,1.8
2022-04-21,107.6,1.8
2022-04-22,107.6,1.8
2022-04-23,107.6,1.8
2022-04-24,107.6,1.8
2022-04-25,107.6,1.8
2022-04-26,107.6,1.8
2022-04-27,107.6,1.8
2022-04-28,107.6,1.8
2022-04-29,107.6,1.8
2022-04-30,108.6,0.93
2022-05-01,108.6,0.93
2022-05-02,108.6,0.93
2022-05-03,108.6,0.93
2022-05-04,108.6,0.93
2022-05-05,108.6,0.93
2022-05-06,108.6,0.93
2022-05-07,108.6,0.93
2022-05-08,108.6,0.93
2022-05-09,108.6,0.93
2022-05-10,108.6,0.93
2022-05-11,108.6,0.93
2022-05-12,108.6,0.93
2022-05-13,108.6,0.93
2022-05-14,108.6,0.93
2022-05-15,108.6,0.93
2022-05-16,108.6,0.93
2022-05-17,108.6,0.93
2022-05-18,108.6,0.93
2022-05-19,108.6,0.93
2022-05-20,108.6,0.93
2022-05-21,108.6,0.93
2022-05-22,108.6,0.93
2022-05-23,108.6,0.93
2022-05-24,108.6,0.93
2022-05-25,108.6,0.93
2022-05-26,108.6,0.93
2022-05-27,108.6,0.93
2022-05-28,108.6,0.93
2022-05-29,108.6,0.93
2022-05-30,108.6,0.93
2022-05-31,103.2,-4.97
2022-06-01,103.2,-4.97
2022-06-02,103.2,-4.97
2022-06-03,103.2,-4.97
2022-06-04,103.2,-4.97
2022-06-05,103.2,-4.97
2022-06-06,103.2,-4.97
2022-06-07,103.2,-4.97
2022-06-08,103.2,-4.97
2022-06-09,103.2,-4.97
2022-06-10,103.2,-4.97
2022-06-11,103.2,-4.97
2022-06-12,103.2,-4.97
2022-06-13,103.2,-4.97
2022-06-14,103.2,-4.97
2022-06-15,103.2,-4.97
2022-06-16,103.2,-4.97
2022-06-17,103.2,-4.97
2022-06-18,103.2,-4.97
2022-06-19,103.2,-4.97
2022-06-20,103.2,-4.97
2022-06-21,103.2,-4.97
2022-06-22,103.2,-4.97
2022-06-23,103.2,-4.97
2022-06-24,103.2,-4.97
2022-06-25,103.2,-4.97
2022-06-26,103.2,-4.97
2022-06-27,103.2,-4.97
2022-06-28,103.2,-4.97
2022-06-29,103.2,-4.97
2022-06-30,98.4,-4.65
2022-07-01,98.4,-4.65
2022-07-02,98.4,-4.65
2022-07-03,98.4,-4.65
2022-07-04,98.4,-4.65
2022-07-05,98.4,-4.65
2022-07-06,98.4,-4.65
2022-07-07,98.4,-4.65
2022-07-08,98.4,-4.65
2022-07-09,98.4,-4.65
2022-07-10,98.4,-4.65
2022-07-11,98.4,-4.65
2022-07-12,98.4,-4.65
2022-07-13,98.4,-4.65
2022-07-14,98.4,-4.65
2022-07-15,98.4,-4.65
2022-07-16,98.4,-4.65
2022-07-17,98.4,-4.65
2022-07-18,98.4,-4.65
2022-07-19,98.4,-4.65
2022-07-20,98.4,-4.65
2022-07-21,98.4,-4.65
2022-07-22,98.4,-4.65
2022-07-23,98.4,-4.65
2022-07-24,98.4,-4.65
2022-07-25,98.4,-4.65
2022-07-26,98.4,-4.65
2022-07-27,98.4,-4.65
2022-07-28,98.4,-4.65
2022-07-29,98.4,-4.65
2022-07-30,98.4,-4.65
2022-07-31,95.3,-3.15
2022-08-01,95.3,-3.15
2022-08-02,95.3,-3.15
2022-08-03,95.3,-3.15
2022-08-04,95.3,-3.15
2022-08-05,95.3,-3.15
2022-08-06,95.3,-3.15
2022-08-07,95.3,-3.15
2022-08-08,95.3,-3.15
2022-08-09,95.3,-3.15
2022-08-10,95.3,-3.15
2022-08-11,95.3,-3.15
2022-08-12,95.3,-3.15
2022-08-13,95.3,-3.15
2022-08-14,95.3,-3.15
2022-08-15,95.3,-3.15
2022-08-16,95.3,-3.15
2022-08-17,95.3,-3.15
2022-08-18,95.3,-3.15
2022-08-19,95.3,-3.15
2022-08-20,95.3,-3.15
2022-08-21,95.3,-3.15
2022-08-22,95.3,-3.15
2022-08-23,95.3,-3.15
2022-08-24,95.3,-3.15
2022-08-25,95.3,-3.15
2022-08-26,95.3,-3.15
2022-08-27,95.3,-3.15
2022-08-28,95.3,-3.15
2022-08-29,95.3,-3.15
2022-08-30,95.3,-3.15
2022-08-31,103.6,8.71
2022-09-01,103.6,8.71
2022-09-02,103.6,8.71
2022-09-03,103.6,8.71
2022-09-04,103.6,8.71
2022-09-05,103.6,8.71
2022-09-06,103.6,8.71
2022-09-07,103.6,8.71
2022-09-08,103.6,8.71
2022-09-09,103.6,8.71
2022-09-10,103.6,8.71
2022-09-11,103.6,8.71
2022-09-12,103.6,8.71
2022-09-13,103.6,8.71
2022-09-14,103.6,8.71
2022-09-15,103.6,8.71
2022-09-16,103.6,8.71
2022-09-17,103.6,8.71
2022-09-18,103.6,8.71
2022-09-19,103.6,8.71
2022-09-20,103.6,8.71
2022-09-21,103.6,8.71
2022-09-22,103.6,8.71
2022-09-23,103.6,8.71
2022-09-24,103.6,8.71
2022-09-25,103.6,8.71
2022-09-26,103.6,8.71
2022-09-27,103.6,8.71
2022-09-28,103.6,8.71
2022-09-29,103.6,8.71
2022-09-30,107.8,4.05
2022-10-01,107.8,4.05
2022-10-02,107.8,4.05
2022-10-03,107.8,4.05
2022-10-04,107.8,4.05
2022-10-05,107.8,4.05
2022-10-06,107.8,4.05
2022-10-07,107.8,4.05
2022-10-08,107.8,4.05
2022-10-09,107.8,4.05
2022-10-10,107.8,4.05
2022-10-11,107.8,4.05
2022-10-12,107.8,4.05
2022-10-13,107.8,4.05
2022-10-14,107.8,4.05
2022-10-15,107.8,4.05
2022-10-16,107.8,4.05
2022-10-17,107.8,4.05
2022-10-18,107.8,4.05
2022-10-19,107.8,4.05
2022-10-20,107.8,4.05
2022-10-21,107.8,4.05
2022-10-22,107.8,4.05
2022-10-23,107.8,4.05
2022-10-24,107.8,4.05
2022-10-25,107.8,4.05
2022-10-26,107.8,4.05
2022-10-27,107.8,4.05
2022-10-28,107.8,4.05
2022-10-29,107.8,4.05
2022-10-30,107.8,4.05
2022-10-31,102.2,-5.19
2022-11-01,102.2,-5.19
2022-11-02,102.2,-5.19
2022-11-03,102.2,-5.19
2022-11-04,102.2,-5.19
2022-11-05,102.2,-5.19
2022-11-06,102.2,-5.19
2022-11-07,102.2,-5.19
2022-11-08,102.2,-5.19
2022-11-09,102.2,-5.19
2022-11-10,102.2,-5.19
2022-11-11,102.2,-5.19
2022-11-12,102.2,-5.19
2022-11-13,102.2,-5.19
2022-11-14,102.2,-5.19
2022-11-15,102.2,-5.19
2022-11-16,102.2,-5.19
2022-11-17,102.2,-5.19
2022-11-18,102.2,-5.19
2022-11-19,102.2,-5.19
2022-11-20,102.2,-5.19
2022-11-21,102.2,-5.19
2022-11-22,102.2,-5.19
2022-11-23,102.2,-5.19
2022-11-24,102.2,-5.19
2022-11-25,102.2,-5.19
2022-11-26,102.2,-5.19
2022-11-27,102.2,-5.19
2022-11-28,102.2,-5.19
2022-11-29,102.2,-5.19
2022-11-30,101.4,-0.78
2022-12-01,101.4,-0.78
2022-12-02,101.4,-0.78
2022-12-03,101.4,-0.78
2022-12-04,101.4,-0.78
2022-12-05,101.4,-0.78
2022-12-06,101.4,-0.78
2022-12-07,101.4,-0.78
2022-12-08,101.4,-0.78
2022-12-09,101.4,-0.78
2022-12-10,101.4,-0.78
2022-12-11,101.4,-0.78
2022-12-12,101.4,-0.78
2022-12-13,101.4,-0.78
2022-12-14,101.4,-0.78
2022-12-15,101.4,-0.78
2022-12-16,101.4,-0.78
2022-12-17,101.4,-0.78
2022-12-18,101.4,-0.78
2022-12-19,101.4,-0.78
2022-12-20,101.4,-0.78
2022-12-21,101.4,-0.78
2022-12-22,101.4,-0.78
2022-12-23,101.4,-0.78
2022-12-24,101.4,-0.78
2022-12-25,101.4,-0.78
2022-12-26,101.4,-0.78
2022-12-27,101.4,-0.78
2022-12-28,101.4,-0.78
2022-12-29,101.4,-0.78
2022-12-30,101.4,-0.78
2022-12-31,109.0,7.5
2023-01-01,109.0,7.5
2023-01-02,109.0,7.5
2023-01-03,109.0,7.5
2023-01-04,109.0,7.5
2023-01-05,109.0,7.5
2023-01-06,109.0,7.5
2023-01-07,109.0,7.5
2023-01-08,109.0,7.5
2023-01-09,109.0,7.5
2023-01-10,109.0,7.5
2023-01-11,109.0,7.5
2023-01-12,109.0,7.5
2023-01-13,109.0,7.5
2023-01-14,109.0,7.5
2023-01-15,109.0,7.5
2023-01-16,109.0,7.5
2023-01-17,109.0,7.5
2023-01-18,109.0,7.5
2023-01-19,109.0,7.5
2023-01-20,109.0,7.5
2023-01-21,109.0,7.5
2023-01-22,109.0,7.5
2023-01-23,109.0,7.5
2023-01-24,109.0,7.5
2023-01-25,109.0,7.5
2023-01-26,109.0,7.5
2023-01-27,109.0,7.5
2023-01-28,109.0,7.5
2023-01-29,109.0,7.5
2023-01-30,109.0,7.5
2023-01-31,106.0,-2.75
2023-02-01,106.0,-2.75
2023-02-02,106.0,-2.75
2023-02-03,106.0,-2.75
2023-02-04,106.0,-2.75
2023-02-05,106.0,-2.75
2023-02-06,106.0,-2.75
2023-02-07,106.0,-2.75
2023-02-08,106.0,-2.75
2023-02-09,106.0,-2.75
2023-02-10,106.0,-2.75
2023-02-11,106.0,-2.75
2023-02-12,106.0,-2.75
2023-02-13,106.0,-2.75
2023-02-14,106.0,-2.75
2023-02-15,106.0,-2.75
2023-02-16,106.0,-2.75
2023-02-17,106.0,-2.75
2023-02-18,106.0,-2.75
2023-02-19,106.0,-2.75
2023-02-20,106.0,-2.75
2023-02-21,106.0,-2.75
2023-02-22,106.0,-2.75
2023-02-23,106.0,-2.75
2023-02-24,106.0,-2.75
2023-02-25,106.0,-2.75
2023-02-26,106.0,-2.75
2023-02-27,106.0,-2.75
2023-02-28,103.4,-2.45
2023-03-01,103.4,-2.45
2023-03-02,103.4,-2.45
2023-03-03,103.4,-2.45
2023-03-04,103.4,-2.45
2023-03-05,103.4,-2.45
2023-03-06,103.4,-2.45
2023-03-07,103.4,-2.45
2023-03-08,103.4,-2.45
2023-03-09,103.4,-2.45
2023-03-10,103.4,-2.45
2023-03-11,103.4,-2.45
2023-03-12,103.4,-2.45
2023-03-13,103.4,-2.45
2023-03-14,103.4,-2.45
2023-03-15,103.4,-2.45
2023-03-16,103.4,-2.45
2023-03-17,103.4,-2.45
2023-03-18,103.4,-2.45
2023-03-19,103.4,-2.45
2023-03-20,103.4,-2.45
2023-03-21,103.4,-2.45
2023-03-22,103.4,-2.45
2023-03-23,103.4,-2.45
2023-03-24,103.4,-2.45
2023-03-25,103.4,-2.45
2023-03-26,103.4,-2.45
2023-03-27,103.4,-2.45
2023-03-28,103.4,-2.45
2023-03-29,103.4,-2.45
2023-03-30,103.4,-2.45
2023-03-31,104.0,0.58
2023-04-01,104.0,0.58
2023-04-02,104.0,0.58
2023-04-03,104.0,0.58
2023-04-04,104.0,0.58
2023-04-05,104.0,0.58
2023-04-06,104.0,0.58
2023-04-07,104.0,0.58
2023-04-08,104.0,0.58
2023-04-09,104.0,0.58
2023-04-10,104.0,0.58
2023-04-11,104.0,0.58
2023-04-12,104.0,0.58
2023-04-13,104.0,0.58
2023-04-14,104.0,0.58
2023-04-15,104.0,0.58
2023-04-16,104.0,0.58
2023-04-17,104.0,0.58
2023-04-18,104.0,0.58
2023-04-19,104.0,0.58
2023-04-20,104.0,0.58
2023-04-21,104.0,0.58
2023-04-22,104.0,0.58
2023-04-23,104.0,0.58
2023-04-24,104.0,0.58
2023-04-25,104.0,0.58
2023-04-26,104.0,0.58
2023-04-27,104.0,0.58
2023-04-28,104.0,0.58
2023-04-29,104.0,0.58
2023-04-30,103.7,-0.29
2023-05-01,103.7,-0.29
2023-05-02,103.7,-0.29
2023-05-03,103.7,-0.29
2023-05-04,103.7,-0.29
2023-05-05,103.7,-0.29
2023-05-06,103.7,-0.29
2023-05-07,103.7,-0.29
2023-05-08,103.7,-0.29
2023-05-09,103.7,-0.29
2023-05-10,103.7,-0.29
2023-05-11,103.7,-0.29
2023-05-12,103.7,-0.29
2023-05-13,103.7,-0.29
2023-05-14,103.7,-0.29
2023-05-15,103.7,-0.29
2023-05-16,103.7,-0.29
2023-05-17,103.7,-0.29
2023-05-18,103.7,-0.29
2023-05-19,103.7,-0.29
2023-05-20,103.7,-0.29
2023-05-21,103.7,-0.29
2023-05-22,103.7,-0.29
2023-05-23,103.7,-0.29
2023-05-24,103.7,-0.29
2023-05-25,103.7,-0.29
2023-05-26,103.7,-0.29
2023-05-27,103.7,-0.29
2023-05-28,103.7,-0.29
2023-05-29,103.7,-0.29
2023-05-30,103.7,-0.29
2023-05-31,102.5,-1.16
2023-06-01,102.5,-1.16
2023-06-02,102.5,-1.16
2023-06-03,102.5,-1.16
2023-06-04,102.5,-1.16
2023-06-05,102.5,-1.16
2023-06-06,102.5,-1.16
2023-06-07,102.5,-1.16
2023-06-08,102.5,-1.16
2023-06-09,102.5,-1.16
2023-06-10,102.5,-1.16
2023-06-11,102.5,-1.16
2023-06-12,102.5,-1.16
2023-06-13,102.5,-1.16
2023-06-14,102.5,-1.16
2023-06-15,102.5,-1.16
2023-06-16,102.5,-1.16
2023-06-17,102.5,-1.16
2023-06-18,102.5,-1.16
2023-06-19,102.5,-1.16
2023-06-20,102.5,-1.16
2023-06-21,102.5,-1.16
2023-06-22,102.5,-1.16
2023-06-23,102.5,-1.16
2023-06-24,102.5,-1.16
2023-06-25,102.5,-1.16
2023-06-26,102.5,-1.16
2023-06-27,102.5,-1.16
2023-06-28,102.5,-1.16
2023-06-29,102.5,-1.16
2023-06-30,110.1,7.41
2023-07-01,110.1,7.41
2023-07-02,110.1,7.41
2023-07-03,110.1,7.41
2023-07-04,110.1,7.41
2023-07-05,110.1,7.41
2023-07-06,110.1,7.41
2023-07-07,110.1,7.41
2023-07-08,110.1,7.41
2023-07-09,110.1,7.41
2023-07-10,110.1,7.41
2023-07-11,110.1,7.41
2023-07-12,110.1,7.41
2023-07-13,110.1,7.41
2023-07-14,110.1,7.41
2023-07-15,110.1,7.41
2023-07-16,110.1,7.41
2023-07-17,110.1,7.41
2023-07-18,110.1,7.41
2023-07-19,110.1,7.41
2023-07-20,110.1,7.41
2023-07-21,110.1,7.41
2023-07-22,110.1,7.41
2023-07-23,110.1,7.41
2023-07-24,110.1,7.41
2023-07-25,110.1,7.41
2023-07-26,110.1,7.41
2023-07-27,110.1,7.41
2023-07-28,110.1,7.41
2023-07-29,110.1,7.41
2023-07-30,110.1,7.41
2023-07-31,114.0,3.54
2023-08-01,114.0,3.54
2023-08-02,114.0,3.54
2023-08-03,114.0,3.54
2023-08-04,114.0,3.54
2023-08-05,114.0,3.54
2023-08-06,114.0,3.54
2023-08-07,114.0,3.54
2023-08-08,114.0,3.54
2023-08-09,114.0,3.54
2023-08-10,114.0,3.54
2023-08-11,114.0,3.54
2023-08-12,114.0,3.54
2023-08-13,114.0,3.54
2023-08-14,114.0,3.54
2023-08-15,114.0,3.54
2023-08-16,114.0,3.54
2023-08-17,114.0,3.54
2023-08-18,114.0,3.54
2023-08-19,114.0,3.54
2023-08-20,114.0,3.54
2023-08-21,114.0,3.54
2023-08-22,114.0,3.54
2023-08-23,114.0,3.54
2023-08-24,114.0,3.54
2023-08-25,114.0,3.54
2023-08-26,114.0,3.54
2023-08-27,114.0,3.54
2023-08-28,114.0,3.54
2023-08-29,114.0,3.54
2023-08-30,114.0,3.54
2023-08-31,108.7,-4.65
2023-09-01,108.7,-4.65
2023-09-02,108.7,-4.65
2023-09-03,108.7,-4.65
2023-09-04,108.7,-4.65
2023-09-05,108.7,-4.65
2023-09-06,108.7,-4.65
2023-09-07,108.7,-4.65
2023-09-08,108.7,-4.65
2023-09-09,108.7,-4.65
2023-09-10,108.7,-4.65
2023-09-11,108.7,-4.65
2023-09-12,108.7,-4.65
2023-09-13,108.7,-4.65
2023-09-14,108.7,-4.65
2023-09-15,108.7,-4.65
2023-09-16,108.7,-4.65
2023-09-17,108.7,-4.65
2023-09-18,108.7,-4.65
2023-09-19,108.7,-4.65
2023-09-20,108.7,-4.65
2023-09-21,108.7,-4.65
2023-09-22,108.7,-4.65
2023-09-23,108.7,-4.65
2023-09-24,108.7,-4.65
2023-09-25,108.7,-4.65
2023-09-26,108.7,-4.65
2023-09-27,108.7,-4.65
2023-09-28,108.7,-4.65
2023-09-29,108.7,-4.65
2023-09-30,104.3,-4.05
2023-10-01,104.3,-4.05
2023-10-02,104.3,-4.05
2023-10-03,104.3,-4.05
2023-10-04,104.3,-4.05
2023-10-05,104.3,-4.05
2023-10-06,104.3,-4.05
2023-10-07,104.3,-4.05
2023-10-08,104.3,-4.05
2023-10-09,104.3,-4.05
2023-10-10,104.3,-4.05
2023-10-11,104.3,-4.05
2023-10-12,104.3,-4.05
2023-10-13,104.3,-4.05
2023-10-14,104.3,-4.05
2023-10-15,104.3,-4.05
2023-10-16,104.3,-4.05
2023-10-17,104.3,-4.05
2023-10-18,104.3,-4.05
2023-10-19,104.3,-4.05
2023-10-20,104.3,-4.05
2023-10-21,104.3,-4.05
2023-10-22,104.3,-4.05
2023-10-23,104.3,-4.05
2023-10-24,104.3,-4.05
2023-10-25,104.3,-4.05
2023-10-26,104.3,-4.05
2023-10-27,104.3,-4.05
2023-10-28,104.3,-4.05
2023-10-29,104.3,-4.05
2023-10-30,104.3,-4.05
2023-10-31,99.1,-4.99
2023-11-01,99.1,-4.99
2023-11-02,99.1,-4.99
2023-11-03,99.1,-4.99
2023-11-04,99.1,-4.99
2023-11-05,99.1,-4.99
2023-11-06,99.1,-4.99
2023-11-07,99.1,-4.99
2023-11-08,99.1,-4.99
2023-11-09,99.1,-4.99
2023-11-10,99.1,-4.99
2023-11-11,99.1,-4.99
2023-11-12,99.1,-4.99
2023-11-13,99.1,-4.99
2023-11-14,99.1,-4.99
2023-11-15,99.1,-4.99
2023-11-16,99.1,-4.99
2023-11-17,99.1,-4.99
2023-11-18,99.1,-4.99
2023-11-19,99.1,-4.99
2023-11-20,99.1,-4.99
2023-11-21,99.1,-4.99
2023-11-22,99.1,-4.99
2023-11-23,99.1,-4.99
2023-11-24,99.1,-4.99
2023-11-25,99.1,-4.99
2023-11-26,99.1,-4.99
2023-11-27,99.1,-4.99
2023-11-28,99.1,-4.99
2023-11-29,99.1,-4.99
2023-11-30,101.0,1.92
2023-12-01,101.0,1.92
2023-12-02,101.0,1.92
2023-12-03,101.0,1.92
2023-12-04,101.0,1.92
2023-12-05,101.0,1.92
2023-12-06,101.0,1.92
2023-12-07,101.0,1.92
2023-12-08,101.0,1.92
2023-12-09,101.0,1.92
2023-12-10,101.0,1.92
2023-12-11,101.0,1.92
2023-12-12,101.0,1.92
2023-12-13,101.0,1.92
2023-12-14,101.0,1.92
2023-12-15,101.0,1.92
2023-12-16,101.0,1.92
2023-12-17,101.0,1.92
2023-12-18,101.0,1.92
2023-12-19,101.0,1.92
2023-12-20,101.0,1.92
2023-12-21,101.0,1.92
2023-12-22,101.0,1.92
2023-12-23,101.0,1.92
2023-12-24,101.0,1.92
2023-12-25,101.0,1.92
2023-12-26,101.0,1.92
2023-12-27,101.0,1.92
2023-12-28,101.0,1.92
2023-12-29,101.0,1.92
2023-12-30,101.0,1.92
2023-12-31,108.0,6.93
2024-01-01,108.0,6.93
2024-01-02,108.0,6.93
2024-01-03,108.0,6.93
2024-01-04,108.0,6.93
2024-01-05,108.0,6.93
2024-01-06,108.0,6.93
2024-01-07,108.0,6.93
2024-01-08,108.0,6.93
2024-01-09,108.0,6.93
2024-01-10,108.0,6.93
2024-01-11,108.0,6.93
2024-01-12,108.0,6.93
2024-01-13,108.0,6.93
2024-01-14,108.0,6.93
2024-01-15,108.0,6.93
2024-01-16,108.0,6.93
2024-01-17,108.0,6.93
2024-01-18,108.0,6.93
2024-01-19,108.0,6.93
2024-01-20,108.0,6.93
2024-01-21,108.0,6.93
2024-01-22,108.0,6.93
2024-01-23,108.0,6.93
2024-01-24,108.0,6.93
2024-01-25,108.0,6.93
2024-01-26,108.0,6.93
2024-01-27,108.0,6.93
2024-01-28,108.0,6.93
2024-01-29,108.0,6.93
2024-01-30,108.0,6.93
2024-01-31,110.9,2.69
2024-02-01,110.9,2.69
2024-02-02,110.9,2.69
2024-02-03,110.9,2.69
2024-02-04,110.9,2.69
2024-02-05,110.9,2.69
2024-02-06,110.9,2.69
2024-02-07,110.9,2.69
2024-02-08,110.9,2.69
2024-02-09,110.9,2.69
2024-02-10,110.9,2.69
2024-02-11,110.9,2.69
2024-02-12,110.9,2.69
2024-02-13,110.9,2.69
2024-02-14,110.9,2.69
2024-02-15,110.9,2.69
2024-02-16,110.9,2.69
2024-02-17,110.9,2.69
2024-02-18,110.9,2.69
2024-02-19,110.9,2.69
2024-02-20,110.9,2.69
2024-02-21,110.9,2.69
2024-02-22,110.9,2.69
2024-02-23,110.9,2.69
2024-02-24,110.9,2.69
2024-02-25,110.9,2.69
2024-02-26,110.9,2.69
2024-02-27,110.9,2.69
2024-02-28,110.9,2.69
2024-02-29,104.8,-5.5
2024-03-01,104.8,-5.5
2024-03-02,104.8,-5.5
2024-03-03,104.8,-5.5
2024-03-04,104.8,-5.5
2024-03-05,104.8,-5.5
2024-03-06,104.8,-5.5
2024-03-07,104.8,-5.5
2024-03-08,104.8,-5.5
2024-03-09,104.8,-5.5
2024-03-10,104.8,-5.5
2024-03-11,104.8,-5.5
2024-03-12,104.8,-5.5
2024-03-13,104.8,-5.5
2024-03-14,104.8,-5.5
2024-03-15,104.8,-5.5
2024-03-16,104.8,-5.5
2024-03-17,104.8,-5.5
2024-03-18,104.8,-5.5
2024-03-19,104.8,-5.5
2024-03-20,104.8,-5.5
2024-03-21,104.8,-5.5
2024-03-22,104.8,-5.5
2024-03-23,104.8,-5.5
2024-03-24,104.8,-5.5
2024-03-25,104.8,-5.5
2024-03-26,104.8,-5.5
2024-03-27,104.8,-5.5
2024-03-28,104.8,-5.5
2024-03-29,104.8,-5.5
2024-03-30,104.8,-5.5
2024-03-31,103.1,-1.62
2024-04-01,103.1,-1.62
2024-04-02,103.1,-1.62
2024-04-03,103.1,-1.62
2024-04-04,103.1,-1.62
2024-04-05,103.1,-1.62
2024-04-06,103.1,-1.62
2024-04-07,103.1,-1.62
2024-04-08,103.1,-1.62
2024-04-09,103.1,-1.62
2024-04-10,103.1,-1.62
2024-04-11,103.1,-1.62
2024-04-12,103.1,-1.62
2024-04-13,103.1,-1.62
2024-04-14,103.1,-1.62
2024-04-15,103.1,-1.62
2024-04-16,103.1,-1.62
2024-04-17,103.1,-1.62
2024-04-18,103.1,-1.62
2024-04-19,103.1,-1.62
2024-04-20,103.1,-1.62
2024-04-21,103.1,-1.62
2024-04-22,103.1,-1.62
2024-04-23,103.1,-1.62
2024-04-24,103.1,-1.62
2024-04-25,103.1,-1.62
2024-04-26,103.1,-1.62
2024-04-27,103.1,-1.62
2024-04-28,103.1,-1.62
2024-04-29,103.1,-1.62
2024-04-30,97.5,-5.43
2024-05-01,97.5,-5.43
2024-05-02,97.5,-5.43
2024-05-03,97.5,-5.43
2024-05-04,97.5,-5.43
2024-05-05,97.5,-5.43
2024-05-06,97.5,-5.43
2024-05-07,97.5,-5.43
2024-05-08,97.5,-5.43
2024-05-09,97.5,-5.43
2024-05-10,97.5,-5.43
2024-05-11,97.5,-5.43
2024-05-12,97.5,-5.43
2024-05-13,97.5,-5.43
2024-05-14,97.5,-5.43
2024-05-15,97.5,-5.43
2024-05-16,97.5,-5.43
2024-05-17,97.5,-5.43
2024-05-18,97.5,-5.43
2024-05-19,97.5,-5.43
2024-05-20,97.5,-5.43
2024-05-21,97.5,-5.43
2024-05-22,97.5,-5.43
2024-05-23,97.5,-5.43
2024-05-24,97.5,-5.43
2024-05-25,97.5,-5.43
2024-05-26,97.5,-5.43
2024-05-27,97.5,-5.43
2024-05-28,97.5,-5.43
2024-05-29,97.5,-5.43
2024-05-30,97.5,-5.43
2024-05-31,101.3,3.9
2024-06-01,101.3,3.9
2024-06-02,101.3,3.9
2024-06-03,101.3,3.9
2024-06-04,101.3,3.9
2024-06-05,101.3,3.9
2024-06-06,101.3,3.9
2024-06-07,101.3,3.9
2024-06-08,101.3,3.9
2024-06-09,101.3,3.9
2024-06-10,101.3,3.9
2024-06-11,101.3,3.9
2024-06-12,101.3,3.9
2024-06-13,101.3,3.9
2024-06-14,101.3,3.9
2024-06-15,101.3,3.9
2024-06-16,101.3,3.9
2024-06-17,101.3,3.9
2024-06-18,101.3,3.9
2024-06-19,101.3,3.9
2024-06-20,101.3,3.9
2024-06-21,101.3,3.9
2024-06-22,101.3,3.9
2024-06-23,101.3,3.9
2024-06-24,101.3,3.9
2024-06-25,101.3,3.9
2024-06-26,101.3,3.9
2024-06-27,101.3,3.9
2024-06-28,101.3,3.9
2024-06-29,101.3,3.9
2024-06-30,97.8,-3.46
2024-07-01,97.8,-3.46
2024-07-02,97.8,-3.46
2024-07-03,97.8,-3.46
2024-07-04,97.8,-3.46
2024-07-05,97.8,-3.46
2024-07-06,97.8,-3.46
2024-07-07,97.8,-3.46
2024-07-08,97.8,-3.46
2024-07-09,97.8,-3.46
2024-07-10,97.8,-3.46
2024-07-11,97.8,-3.46
2024-07-12,97.8,-3.46
2024-07-13,97.8,-3.46
2024-07-14,97.8,-3.46
2024-07-15,97.8,-3.46
2024-07-16,97.8,-3.46
2024-07-17,97.8,-3.46
2024-07-18,97.8,-3.46
2024-07-19,97.8,-3.46
2024-07-20,97.8,-3.46
2024-07-21,97.8,-3.46
2024-07-22,97.8,-3.46
2024-07-23,97.8,-3.46
2024-07-24,97.8,-3.46
2024-07-25,97.8,-3.46
2024-07-26,97.8,-3.46
2024-07-27,97.8,-3.46
2024-07-28,97.8,-3.46
2024-07-29,97.8,-3.46
2024-07-30,97.8,-3.46
2024-07-31,101.9,4.19
2024-08-01,101.9,4.19
2024-08-02,101.9,4.19
2024-08-03,101.9,4.19
2024-08-04,101.9,4.19
2024-08-05,101.9,4.19
2024-08-06,101.9,4.19
2024-08-07,101.9,4.19
2024-08-08,101.9,4.19
2024-08-09,101.9,4.19
2024-08-10,101.9,4.19
2024-08-11,101.9,4.19
2024-08-12,101.9,4.19
2024-08-13,101.9,4.19
2024-08-14,101.9,4.19
2024-08-15,101.9,4.19
2024-08-16,101.9,4.19
2024-08-17,101.9,4.19
2024-08-18,101.9,4.19
2024-08-19,101.9,4.19
2024-08-20,101.9,4.19
2024-08-21,101.9,4.19
2024-08-22,101.9,4.19
2024-08-23,101.9,4.19
2024-08-24,101.9,4.19
2024-08-25,101.9,4.19
2024-08-26,101.9,4.19
2024-08-27,101.9,4.19
2024-08-28,101.9,4.19
2024-08-29,101.9,4.19
2024-08-30,101.9,4.19
2024-08-31,105.6,3.63
2024-09-01,105.6,3.63
2024-09-02,105.6,3.63
2024-09-03,105.6,3.63
2024-09-04,105.6,3.63
2024-09-05,105.6,3.63
2024-09-06,105.6,3.63
2024-09-07,105.6,3.63
2024-09-08,105.6,3.63
2024-09-09,105.6,3.63
2024-09-10,105.6,3.63
2024-09-11,105.6,3.63
2024-09-12,105.6,3.63
2024-09-13,105.6,3.63
2024-09-14,105.6,3.63
2024-09-15,105.6,3.63
2024-09-16,105.6,3.63
2024-09-17,105.6,3.63
2024-09-18,105.6,3.63
2024-09-19,105.6,3.63
2024-09-20,105.6,3.63
2024-09-21,105.6,3.63
2024-09-22,105.6,3.63
2024-09-23,105.6,3.63
2024-09-24,105.6,3.63
2024-09-25,105.6,3.63
2024-09-26,105.6,3.63
2024-09-27,105.6,3.63
2024-09-28,105.6,3.63
2024-09-29,105.6,3.63
2024-09-30,99.2,-6.06
2024-10-01,99.2,-6.06
2024-10-02,99.2,-6.06
2024-10-03,99.2,-6.06
2024-10-04,99.2,-6.06
2024-10-05,99.2,-6.06
2024-10-06,99.2,-6.06
2024-10-07,99.2,-6.06
2024-10-08,99.2,-6.06
2024-10-09,99.2,-6.06
2024-10-10,99.2,-6.06
2024-10-11,99.2,-6.06
2024-10-12,99.2,-6.06
2024-10-13,99.2,-6.06
2024-10-14,99.2,-6.06
2024-10-15,99.2,-6.06
2024-10-16,99.2,-6.06
2024-10-17,99.2,-6.06
2024-10-18,99.2,-6.06
2024-10-19,99.2,-6.06
2024-10-20,99.2,-6.06
2024-10-21,99.2,-6.06
2024-10-22,99.2,-6.06
2024-10-23,99.2,-6.06
2024-10-24,99.2,-6.06
2024-10-25,99.2,-6.06
2024-10-26,99.2,-6.06
2024-10-27,99.2,-6.06
2024-10-28,99.2,-6.06
2024-10-29,99.2,-6.06
2024-10-30,99.2,-6.06
2024-10-31,109.6,10.48
2024-11-01,109.6,10.48
2024-11-02,109.6,10.48
2024-11-03,109.6,10.48
2024-11-04,109.6,10.48
2024-11-05,109.6,10.48
2024-11-06,109.6,10.48
2024-11-07,109.6,10.48
2024-11-08,109.6,10.48
2024-11-09,109.6,10.48
2024-11-10,109.6,10.48
2024-11-11,109.6,10.48
2024-11-12,109.6,10.48
2024-11-13,109.6,10.48
2024-11-14,109.6,10.48
2024-11-15,109.6,10.48
2024-11-16,109.6,10.48
2024-11-17,109.6,10.48
2024-11-18,109.6,10.48
2024-11-19,109.6,10.48
2024-11-20,109.6,10.48
2024-11-21,109.6,10.48
2024-11-22,109.6,10.48
2024-11-23,109.6,10.48
2024-11-24,109.6,10.48
2024-11-25,109.6,10.48
2024-11-26,109.6,10.48
2024-11-27,109.6,10.48
2024-11-28,109.6,10.48
2024-11-29,109.6,10.48
2024-11-30,112.8,2.92
2024-12-01,112.8,2.92
2024-12-02,112.8,2.92
2024-12-03,112.8,2.92
2024-12-04,112.8,2.92
2024-12-05,112.8,2.92
2024-12-06,112.8,2.92
2024-12-07,112.8,2.92
2024-12-08,112.8,2.92
2024-12-09,112.8,2.92
2024-12-10,112.8,2.92
2024-12-11,112.8,2.92
2024-12-12,112.8,2.92
2024-12-13,112.8,2.92
2024-12-14,112.8,2.92
2024-12-15,112.8,2.92
2024-12-16,112.8,2.92
2024-12-17,112.8,2.92
2024-12-18,112.8,2.92
2024-12-19,112.8,2.92
2024-12-20,112.8,2.92
2024-12-21,112.8,2.92
2024-12-22,112.8,2.92
2024-12-23,112.8,2.92
2024-12-24,112.8,2.92
2024-12-25,112.8,2.92
2024-12-26,112.8,2.92
2024-12-27,112.8,2.92
2024-12-28,112.8,2.92
2024-12-29,112.8,2.92
2024-12-30,112.8,2.92
2024-12-31,109.5,-2.93
2025-01-01,109.5,-2.93
2025-01-02,109.5,-2.93
2025-01-03,109.5,-2.93
2025-01-04,109.5,-2.93
2025-01-05,109.5,-2.93
2025-01-06,109.5,-2.93
2025-01-07,109.5,-2.93
2025-01-08,109.5,-2.93
2025-01-09,109.5,-2.93
2025-01-10,109.5,-2.93
2025-01-11,109.5,-2.93
2025-01-12,109.5,-2.93
2025-01-13,109.5,-2.93
2025-01-14,109.5,-2.93
2025-01-15,109.5,-2.93
2025-01-16,109.5,-2.93
2025-01-17,109.5,-2.93
2025-01-18,109.5,-2.93
2025-01-19,109.5,-2.93
2025-01-20,109.5,-2.93
2025-01-21,109.5,-2.93
2025-01-22,109.5,-2.93
2025-01-23,109.5,-2.93
2025-01-24,109.5,-2.93
2025-01-25,109.5,-2.93
2025-01-26,109.5,-2.93
2025-01-27,109.5,-2.93
2025-01-28,109.5,-2.93
2025-01-29,109.5,-2.93
2025-01-30,109.5,-2.93
2025-01-31,105.3,-3.84
2025-02-01,105.3,-3.84
2025-02-02,105.3,-3.84
2025-02-03,105.3,-3.84
2025-02-04,105.3,-3.84
2025-02-05,105.3,-3.84
2025-02-06,105.3,-3.84
2025-02-07,105.3,-3.84
2025-02-08,105.3,-3.84
2025-02-09,105.3,-3.84
2025-02-10,105.3,-3.84
2025-02-11,105.3,-3.84
2025-02-12,105.3,-3.84
2025-02-13,105.3,-3.84
2025-02-14,105.3,-3.84
2025-02-15,105.3,-3.84
2025-02-16,105.3,-3.84
2025-02-17,105.3,-3.84
2025-02-18,105.3,-3.84
2025-02-19,105.3,-3.84
2025-02-20,105.3,-3.84
2025-02-21,105.3,-3.84
2025-02-22,105.3,-3.84
2025-02-23,105.3,-3.84
2025-02-24,105.3,-3.84
2025-02-25,105.3,-3.84
2025-02-26,105.3,-3.84
2025-02-27,105.3,-3.84
2025-02-28,98.3,-6.65
2025-03-01,98.3,-6.65
2025-03-02,98.3,-6.65
2025-03-03,98.3,-6.65
2025-03-04,98.3,-6.65
2025-03-05,98.3,-6.65
