Date,M2_Value,Daily_Change
2019-12-31,15334.3,0.4
2020-01-01,15336.46129032258,0.4012903225806452
2020-01-02,15338.62258064516,0.40258064516129033
2020-01-03,15340.783870967742,0.4038709677419355
2020-01-04,15342.945161290321,0.4051612903225807
2020-01-05,15345.106451612903,0.40645161290322585
2020-01-06,15347.267741935482,0.407741935483871
2020-01-07,15349.429032258064,0.40903225806451615
2020-01-08,15351.590322580645,0.4103225806451613
2020-01-09,15353.751612903225,0.41161290322580646
2020-01-10,15355.912903225806,0.4129032258064516
2020-01-11,15358.074193548386,0.41419354838709677
2020-01-12,15360.235483870967,0.415483870967742
2020-01-13,15362.396774193548,0.41677419354838713
2020-01-14,15364.558064516128,0.4180645161290323
2020-01-15,15366.71935483871,0.41935483870967744
2020-01-16,15368.880645161289,0.4206451612903226
2020-01-17,15371.04193548387,0.42193548387096774
2020-01-18,15373.20322580645,0.4232258064516129
2020-01-19,15375.364516129031,0.42451612903225805
2020-01-20,15377.525806451613,0.42580645161290326
2020-01-21,15379.687096774192,0.4270967741935484
2020-01-22,15381.848387096774,0.42838709677419357
2020-01-23,15384.009677419353,0.4296774193548387
2020-01-24,15386.170967741935,0.4309677419354839
2020-01-25,15388.332258064516,0.432258064516129
2020-01-26,15390.493548387096,0.4335483870967742
2020-01-27,15392.654838709677,0.43483870967741933
2020-01-28,15394.816129032257,0.43612903225806454
2020-01-29,15396.977419354838,0.4374193548387097
2020-01-30,15399.138709677418,0.43870967741935485
2020-01-31,15401.3,0.44
2020-02-01,15403.110344827586,0.43655172413793103
2020-02-02,15404.920689655171,0.43310344827586206
2020-02-03,15406.731034482758,0.4296551724137931
2020-02-04,15408.541379310343,0.42620689655172417
2020-02-05,15410.35172413793,0.4227586206896552
2020-02-06,15412.162068965517,0.4193103448275862
2020-02-07,15413.972413793103,0.41586206896551725
2020-02-08,15415.78275862069,0.4124137931034483
2020-02-09,15417.593103448275,0.4089655172413793
2020-02-10,15419.403448275862,0.40551724137931033
2020-02-11,15421.213793103447,0.40206896551724136
2020-02-12,15423.024137931034,0.39862068965517244
2020-02-13,15424.83448275862,0.39517241379310347
2020-02-14,15426.644827586206,0.3917241379310345
2020-02-15,15428.455172413793,0.3882758620689655
2020-02-16,15430.265517241378,0.38482758620689655
2020-02-17,15432.075862068965,0.3813793103448276
2020-02-18,15433.886206896552,0.37793103448275867
2020-02-19,15435.696551724137,0.3744827586206897
2020-02-20,15437.506896551724,0.3710344827586207
2020-02-21,15439.317241379309,0.36758620689655175
2020-02-22,15441.127586206896,0.3641379310344828
2020-02-23,15442.937931034481,0.3606896551724138
2020-02-24,15444.748275862068,0.35724137931034483
2020-02-25,15446.558620689655,0.35379310344827586
2020-02-26,15448.36896551724,0.35034482758620694
2020-02-27,15450.179310344827,0.34689655172413797
2020-02-28,15451.989655172412,0.343448275862069
2020-02-29,15453.8,0.34
2020-03-01,15470.793548387097,0.4390322580645162
2020-03-02,15487.787096774193,0.5380645161290323
2020-03-03,15504.78064516129,0.6370967741935485
2020-03-04,15521.774193548386,0.7361290322580646
2020-03-05,15538.767741935484,0.8351612903225807
2020-03-06,15555.76129032258,0.9341935483870969
2020-03-07,15572.754838709678,1.033225806451613
2020-03-08,15589.748387096774,1.132258064516129
2020-03-09,15606.741935483871,1.2312903225806453
2020-03-10,15623.735483870967,1.3303225806451615
2020-03-11,15640.729032258065,1.4293548387096777
2020-03-12,15657.72258064516,1.5283870967741937
2020-03-13,15674.716129032258,1.62741935483871
2020-03-14,15691.709677419354,1.7264516129032261
2020-03-15,15708.703225806452,1.8254838709677421
2020-03-16,15725.696774193548,1.9245161290322583
2020-03-17,15742.690322580645,2.0235483870967745
2020-03-18,15759.683870967741,2.1225806451612903
2020-03-19,15776.677419354839,2.2216129032258065
2020-03-20,15793.670967741935,2.3206451612903227
2020-03-21,15810.664516129033,2.419677419354839
2020-03-22,15827.658064516128,2.518709677419355
2020-03-23,15844.651612903226,2.617741935483871
2020-03-24,15861.645161290322,2.716774193548387
2020-03-25,15878.63870967742,2.8158064516129033
2020-03-26,15895.632258064516,2.9148387096774195
2020-03-27,15912.625806451613,3.0138709677419357
2020-03-28,15929.61935483871,3.112903225806452
2020-03-29,15946.612903225807,3.2119354838709677
2020-03-30,15963.606451612903,3.310967741935484
2020-03-31,15980.6,3.41
2020-04-01,16014.546666666667,3.5086666666666666
2020-04-02,16048.493333333334,3.6073333333333335
2020-04-03,16082.44,3.706
2020-04-04,16116.386666666667,3.804666666666667
2020-04-05,16150.333333333334,3.9033333333333333
2020-04-06,16184.28,4.002
2020-04-07,16218.226666666667,4.100666666666667
2020-04-08,16252.173333333334,4.199333333333334
2020-04-09,16286.12,4.298
2020-04-10,16320.066666666668,4.3966666666666665
2020-04-11,16354.013333333334,4.495333333333333
2020-04-12,16387.96,4.594
2020-04-13,16421.906666666666,4.692666666666667
2020-04-14,16455.853333333333,4.791333333333333
2020-04-15,16489.8,4.890000000000001
2020-04-16,16523.746666666666,4.988666666666667
2020-04-17,16557.693333333333,5.0873333333333335
2020-04-18,16591.64,5.186
2020-04-19,16625.586666666666,5.284666666666666
2020-04-20,16659.533333333333,5.383333333333334
2020-04-21,16693.48,5.482
2020-04-22,16727.426666666666,5.580666666666667
2020-04-23,16761.373333333333,5.679333333333334
2020-04-24,16795.32,5.7780000000000005
2020-04-25,16829.266666666666,5.876666666666667
2020-04-26,16863.213333333333,5.975333333333333
2020-04-27,16897.16,6.074
2020-04-28,16931.106666666667,6.172666666666666
2020-04-29,16965.053333333333,6.271333333333334
2020-04-30,16999.0,6.37
2020-05-01,17027.045161290323,6.329354838709677
2020-05-02,17055.090322580647,6.288709677419355
2020-05-03,17083.135483870967,6.248064516129032
2020-05-04,17111.18064516129,6.20741935483871
2020-05-05,17139.225806451614,6.166774193548387
2020-05-06,17167.270967741937,6.126129032258064
2020-05-07,17195.316129032257,6.085483870967742
2020-05-08,17223.36129032258,6.044838709677419
2020-05-09,17251.406451612904,6.0041935483870965
2020-05-10,17279.451612903227,5.9635483870967745
2020-05-11,17307.49677419355,5.922903225806452
2020-05-12,17335.54193548387,5.8822580645161295
2020-05-13,17363.587096774194,5.841612903225807
2020-05-14,17391.632258064517,5.800967741935484
2020-05-15,17419.67741935484,5.760322580645162
2020-05-16,17447.72258064516,5.719677419354839
2020-05-17,17475.767741935484,5.679032258064517
2020-05-18,17503.812903225808,5.638387096774194
2020-05-19,17531.85806451613,5.597741935483871
2020-05-20,17559.903225806454,5.557096774193549
2020-05-21,17587.948387096774,5.516451612903226
2020-05-22,17615.993548387098,5.475806451612904
2020-05-23,17644.03870967742,5.435161290322581
2020-05-24,17672.083870967745,5.394516129032258
2020-05-25,17700.129032258064,5.353870967741936
2020-05-26,17728.174193548388,5.313225806451613
2020-05-27,17756.21935483871,5.272580645161291
2020-05-28,17784.264516129035,5.231935483870968
2020-05-29,17812.309677419355,5.191290322580645
2020-05-30,17840.354838709678,5.150645161290323
2020-05-31,17868.4,5.11
2020-06-01,17878.170000000002,4.9943333333333335
2020-06-02,17887.940000000002,4.878666666666667
2020-06-03,17897.710000000003,4.763
2020-06-04,17907.48,4.647333333333334
2020-06-05,17917.25,4.531666666666667
2020-06-06,17927.02,4.416
2020-06-07,17936.79,4.300333333333334
2020-06-08,17946.56,4.184666666666667
2020-06-09,17956.33,4.069
2020-06-10,17966.100000000002,3.9533333333333336
2020-06-11,17975.870000000003,3.837666666666667
2020-06-12,17985.64,3.7220000000000004
2020-06-13,17995.41,3.6063333333333336
2020-06-14,18005.18,3.490666666666667
2020-06-15,18014.95,3.375
2020-06-16,18024.72,3.259333333333333
2020-06-17,18034.49,3.143666666666667
2020-06-18,18044.260000000002,3.028
2020-06-19,18054.03,2.912333333333333
2020-06-20,18063.8,2.796666666666667
2020-06-21,18073.57,2.681
2020-06-22,18083.34,2.5653333333333332
2020-06-23,18093.11,2.4496666666666664
2020-06-24,18102.88,2.334
2020-06-25,18112.65,2.2183333333333333
2020-06-26,18122.420000000002,2.1026666666666665
2020-06-27,18132.19,1.987
2020-06-28,18141.96,1.8713333333333333
2020-06-29,18151.73,1.7556666666666665
2020-06-30,18161.5,1.64
2020-07-01,18166.335483870967,1.6138709677419354
2020-07-02,18171.170967741935,1.5877419354838709
2020-07-03,18176.006451612902,1.5616129032258064
2020-07-04,18180.84193548387,1.5354838709677419
2020-07-05,18185.677419354837,1.5093548387096773
2020-07-06,18190.51290322581,1.4832258064516128
2020-07-07,18195.348387096776,1.4570967741935483
2020-07-08,18200.183870967743,1.4309677419354838
2020-07-09,18205.01935483871,1.4048387096774193
2020-07-10,18209.854838709678,1.3787096774193548
2020-07-11,18214.690322580645,1.3525806451612903
2020-07-12,18219.525806451613,1.3264516129032258
2020-07-13,18224.36129032258,1.3003225806451613
2020-07-14,18229.196774193548,1.2741935483870968
2020-07-15,18234.032258064515,1.2480645161290322
2020-07-16,18238.867741935486,1.2219354838709677
2020-07-17,18243.703225806454,1.1958064516129032
2020-07-18,18248.53870967742,1.1696774193548387
2020-07-19,18253.37419354839,1.1435483870967742
2020-07-20,18258.209677419356,1.1174193548387095
2020-07-21,18263.045161290323,1.0912903225806452
2020-07-22,18267.88064516129,1.0651612903225804
2020-07-23,18272.71612903226,1.0390322580645162
2020-07-24,18277.551612903226,1.0129032258064514
2020-07-25,18282.387096774193,0.986774193548387
2020-07-26,18287.222580645164,0.9606451612903225
2020-07-27,18292.05806451613,0.934516129032258
2020-07-28,18296.8935483871,0.9083870967741935
2020-07-29,18301.729032258067,0.882258064516129
2020-07-30,18306.564516129034,0.8561290322580645
2020-07-31,18311.4,0.83
2020-08-01,18313.683870967743,0.8158064516129032
2020-08-02,18315.967741935485,0.8016129032258064
2020-08-03,18318.251612903226,0.7874193548387096
2020-08-04,18320.535483870968,0.7732258064516129
2020-08-05,18322.81935483871,0.7590322580645161
2020-08-06,18325.10322580645,0.7448387096774193
2020-08-07,18327.387096774193,0.7306451612903225
2020-08-08,18329.67096774194,0.7164516129032258
2020-08-09,18331.95483870968,0.7022580645161289
2020-08-10,18334.238709677422,0.6880645161290322
2020-08-11,18336.522580645164,0.6738709677419354
2020-08-12,18338.806451612905,0.6596774193548387
2020-08-13,18341.090322580647,0.645483870967742
2020-08-14,18343.37419354839,0.6312903225806451
2020-08-15,18345.65806451613,0.6170967741935484
2020-08-16,18347.941935483872,0.6029032258064516
2020-08-17,18350.225806451614,0.5887096774193548
2020-08-18,18352.509677419355,0.574516129032258
2020-08-19,18354.793548387097,0.5603225806451613
2020-08-20,18357.07741935484,0.5461290322580645
2020-08-21,18359.36129032258,0.5319354838709678
2020-08-22,18361.645161290322,0.5177419354838709
2020-08-23,18363.929032258064,0.5035483870967742
2020-08-24,18366.21290322581,0.4893548387096774
2020-08-25,18368.49677419355,0.47516129032258064
2020-08-26,18370.780645161292,0.46096774193548384
2020-08-27,18373.064516129034,0.4467741935483871
2020-08-28,18375.348387096776,0.4325806451612903
2020-08-29,18377.632258064517,0.41838709677419356
2020-08-30,18379.91612903226,0.40419354838709676
2020-08-31,18382.2,0.39
2020-09-01,18389.68666666667,0.4176666666666667
2020-09-02,18397.173333333332,0.44533333333333336
2020-09-03,18404.66,0.473
2020-09-04,18412.146666666667,0.5006666666666667
2020-09-05,18419.633333333335,0.5283333333333333
2020-09-06,18427.12,0.556
2020-09-07,18434.606666666667,0.5836666666666667
2020-09-08,18442.093333333334,0.6113333333333333
2020-09-09,18449.58,0.639
2020-09-10,18457.066666666666,0.6666666666666667
2020-09-11,18464.553333333333,0.6943333333333334
2020-09-12,18472.04,0.722
2020-09-13,18479.52666666667,0.7496666666666667
2020-09-14,18487.013333333332,0.7773333333333333
2020-09-15,18494.5,0.8049999999999999
2020-09-16,18501.986666666668,0.8326666666666667
2020-09-17,18509.47333333333,0.8603333333333334
2020-09-18,18516.96,0.888
2020-09-19,18524.446666666667,0.9156666666666666
2020-09-20,18531.933333333334,0.9433333333333334
2020-09-21,18539.42,0.971
2020-09-22,18546.906666666666,0.9986666666666667
2020-09-23,18554.393333333333,1.0263333333333333
2020-09-24,18561.88,1.0539999999999998
2020-09-25,18569.366666666665,1.0816666666666666
2020-09-26,18576.853333333333,1.1093333333333333
2020-09-27,18584.34,1.137
2020-09-28,18591.826666666668,1.1646666666666667
2020-09-29,18599.31333333333,1.1923333333333335
2020-09-30,18606.8,1.22
2020-10-01,18611.68064516129,1.206774193548387
2020-10-02,18616.56129032258,1.1935483870967742
2020-10-03,18621.441935483872,1.1803225806451612
2020-10-04,18626.32258064516,1.1670967741935483
2020-10-05,18631.20322580645,1.1538709677419354
2020-10-06,18636.08387096774,1.1406451612903226
2020-10-07,18640.964516129032,1.1274193548387097
2020-10-08,18645.845161290323,1.1141935483870968
2020-10-09,18650.725806451614,1.100967741935484
2020-10-10,18655.6064516129,1.0877419354838709
2020-10-11,18660.48709677419,1.074516129032258
2020-10-12,18665.367741935483,1.0612903225806452
2020-10-13,18670.248387096774,1.0480645161290323
2020-10-14,18675.129032258064,1.0348387096774194
2020-10-15,18680.009677419355,1.0216129032258063
2020-10-16,18684.890322580643,1.0083870967741935
2020-10-17,18689.770967741933,0.9951612903225806
2020-10-18,18694.651612903224,0.9819354838709677
2020-10-19,18699.532258064515,0.9687096774193549
2020-10-20,18704.412903225806,0.955483870967742
2020-10-21,18709.293548387097,0.942258064516129
2020-10-22,18714.174193548384,0.9290322580645162
2020-10-23,18719.054838709675,0.9158064516129032
2020-10-24,18723.935483870966,0.9025806451612903
2020-10-25,18728.816129032257,0.8893548387096775
2020-10-26,18733.696774193548,0.8761290322580646
2020-10-27,18738.57741935484,0.8629032258064516
2020-10-28,18743.458064516126,0.8496774193548388
2020-10-29,18748.338709677417,0.8364516129032258
2020-10-30,18753.219354838708,0.8232258064516129
2020-10-31,18758.1,0.81
2020-11-01,18765.27333333333,0.8213333333333334
2020-11-02,18772.446666666667,0.8326666666666667
2020-11-03,18779.62,0.8440000000000001
2020-11-04,18786.79333333333,0.8553333333333334
2020-11-05,18793.966666666667,0.8666666666666667
2020-11-06,18801.14,0.878
2020-11-07,18808.31333333333,0.8893333333333333
2020-11-08,18815.486666666664,0.9006666666666667
2020-11-09,18822.66,0.912
2020-11-10,18829.833333333332,0.9233333333333333
2020-11-11,18837.006666666664,0.9346666666666666
2020-11-12,18844.18,0.946
2020-11-13,18851.353333333333,0.9573333333333334
2020-11-14,18858.526666666665,0.9686666666666667
2020-11-15,18865.699999999997,0.98
2020-11-16,18872.873333333333,0.9913333333333333
2020-11-17,18880.046666666665,1.0026666666666666
2020-11-18,18887.219999999998,1.014
2020-11-19,18894.393333333333,1.0253333333333332
2020-11-20,18901.566666666666,1.0366666666666666
2020-11-21,18908.739999999998,1.048
2020-11-22,18915.913333333334,1.0593333333333332
2020-11-23,18923.086666666666,1.0706666666666667
2020-11-24,18930.26,1.0819999999999999
2020-11-25,18937.433333333334,1.0933333333333333
2020-11-26,18944.606666666667,1.1046666666666667
2020-11-27,18951.78,1.1159999999999999
2020-11-28,18958.95333333333,1.1273333333333333
2020-11-29,18966.126666666667,1.1386666666666665
2020-11-30,18973.3,1.15
2020-12-01,18977.719354838708,1.1361290322580644
2020-12-02,18982.13870967742,1.1222580645161289
2020-12-03,18986.558064516128,1.1083870967741936
2020-12-04,18990.977419354836,1.094516129032258
2020-12-05,18995.39677419355,1.0806451612903225
2020-12-06,18999.816129032257,1.066774193548387
2020-12-07,19004.235483870965,1.0529032258064515
2020-12-08,19008.654838709677,1.0390322580645162
2020-12-09,19013.074193548386,1.0251612903225806
2020-12-10,19017.493548387098,1.011290322580645
2020-12-11,19021.912903225806,0.9974193548387096
2020-12-12,19026.332258064514,0.9835483870967742
2020-12-13,19030.751612903226,0.9696774193548386
2020-12-14,19035.170967741935,0.9558064516129032
2020-12-15,19039.590322580643,0.9419354838709677
2020-12-16,19044.009677419355,0.9280645161290322
2020-12-17,19048.429032258064,0.9141935483870968
2020-12-18,19052.848387096772,0.9003225806451612
2020-12-19,19057.267741935484,0.8864516129032258
2020-12-20,19061.687096774192,0.8725806451612903
2020-12-21,19066.1064516129,0.8587096774193548
2020-12-22,19070.525806451613,0.8448387096774193
2020-12-23,19074.94516129032,0.8309677419354838
2020-12-24,19079.364516129033,0.8170967741935484
2020-12-25,19083.78387096774,0.8032258064516129
2020-12-26,19088.20322580645,0.7893548387096774
2020-12-27,19092.622580645162,0.7754838709677419
2020-12-28,19097.04193548387,0.7616129032258064
2020-12-29,19101.46129032258,0.747741935483871
2020-12-30,19105.88064516129,0.7338709677419355
2020-12-31,19110.3,0.72
2021-01-01,19117.548387096773,0.7348387096774194
2021-01-02,19124.796774193546,0.7496774193548387
2021-01-03,19132.045161290323,0.7645161290322581
2021-01-04,19139.293548387097,0.7793548387096774
2021-01-05,19146.54193548387,0.7941935483870968
2021-01-06,19153.790322580644,0.8090322580645161
2021-01-07,19161.038709677418,0.8238709677419355
2021-01-08,19168.287096774195,0.8387096774193548
2021-01-09,19175.535483870968,0.8535483870967742
2021-01-10,19182.78387096774,0.8683870967741936
2021-01-11,19190.032258064515,0.8832258064516129
2021-01-12,19197.28064516129,0.8980645161290322
2021-01-13,19204.529032258066,0.9129032258064516
2021-01-14,19211.77741935484,0.927741935483871
2021-01-15,19219.025806451613,0.9425806451612903
2021-01-16,19226.274193548386,0.9574193548387097
2021-01-17,19233.52258064516,0.972258064516129
2021-01-18,19240.770967741933,0.9870967741935484
2021-01-19,19248.01935483871,1.0019354838709678
2021-01-20,19255.267741935484,1.016774193548387
2021-01-21,19262.516129032258,1.0316129032258063
2021-01-22,19269.76451612903,1.0464516129032257
2021-01-23,19277.012903225805,1.0612903225806452
2021-01-24,19284.26129032258,1.0761290322580646
2021-01-25,19291.509677419355,1.0909677419354837
2021-01-26,19298.75806451613,1.1058064516129031
2021-01-27,19306.006451612902,1.1206451612903225
2021-01-28,19313.254838709676,1.135483870967742
2021-01-29,19320.503225806453,1.1503225806451614
2021-01-30,19327.751612903226,1.1651612903225805
2021-01-31,19335.0,1.18
2021-02-01,19343.435714285715,1.1814285714285713
2021-02-02,19351.87142857143,1.1828571428571428
2021-02-03,19360.307142857142,1.1842857142857142
2021-02-04,19368.742857142857,1.1857142857142857
2021-02-05,19377.178571428572,1.187142857142857
2021-02-06,19385.614285714284,1.1885714285714286
2021-02-07,19394.05,1.19
2021-02-08,19402.485714285714,1.1914285714285713
2021-02-09,19410.92142857143,1.1928571428571428
2021-02-10,19419.357142857145,1.1942857142857142
2021-02-11,19427.792857142857,1.1957142857142857
2021-02-12,19436.22857142857,1.197142857142857
2021-02-13,19444.664285714287,1.1985714285714286
2021-02-14,19453.1,1.2
2021-02-15,19461.535714285714,1.2014285714285713
2021-02-16,19469.97142857143,1.2028571428571428
2021-02-17,19478.407142857144,1.2042857142857142
2021-02-18,19486.84285714286,1.2057142857142857
2021-02-19,19495.27857142857,1.207142857142857
2021-02-20,19503.714285714286,1.2085714285714286
2021-02-21,19512.15,1.21
2021-02-22,19520.585714285713,1.2114285714285713
2021-02-23,19529.02142857143,1.2128571428571429
2021-02-24,19537.457142857143,1.2142857142857142
2021-02-25,19545.89285714286,1.2157142857142857
2021-02-26,19554.328571428574,1.217142857142857
2021-02-27,19562.764285714286,1.2185714285714286
2021-02-28,19571.2,1.22
2021-03-01,19578.90322580645,1.22
2021-03-02,19586.606451612904,1.22
2021-03-03,19594.309677419355,1.22
2021-03-04,19602.01290322581,1.22
2021-03-05,19609.71612903226,1.22
2021-03-06,19617.419354838712,1.22
2021-03-07,19625.122580645162,1.22
2021-03-08,19632.825806451612,1.22
2021-03-09,19640.529032258066,1.22
2021-03-10,19648.232258064516,1.22
2021-03-11,19655.93548387097,1.22
2021-03-12,19663.63870967742,1.22
2021-03-13,19671.34193548387,1.22
2021-03-14,19679.045161290323,1.22
2021-03-15,19686.748387096774,1.22
2021-03-16,19694.451612903227,1.22
2021-03-17,19702.154838709677,1.22
2021-03-18,19709.85806451613,1.22
2021-03-19,19717.56129032258,1.22
2021-03-20,19725.26451612903,1.22
2021-03-21,19732.967741935485,1.22
2021-03-22,19740.670967741935,1.22
2021-03-23,19748.37419354839,1.22
2021-03-24,19756.07741935484,1.22
2021-03-25,19763.78064516129,1.22
2021-03-26,19771.483870967742,1.22
2021-03-27,19779.187096774192,1.22
2021-03-28,19786.890322580646,1.22
2021-03-29,19794.593548387096,1.22
2021-03-30,19802.29677419355,1.22
2021-03-31,19810.0,1.22
2021-04-01,19820.776666666665,1.2336666666666667
2021-04-02,19831.553333333333,1.2473333333333334
2021-04-03,19842.33,1.261
2021-04-04,19853.106666666667,1.2746666666666666
2021-04-05,19863.88333333333,1.2883333333333333
2021-04-06,19874.66,1.302
2021-04-07,19885.43666666667,1.3156666666666665
2021-04-08,19896.213333333333,1.3293333333333333
2021-04-09,19906.989999999998,1.343
2021-04-10,19917.766666666666,1.3566666666666667
2021-04-11,19928.543333333335,1.3703333333333332
2021-04-12,19939.32,1.384
2021-04-13,19950.096666666665,1.3976666666666666
2021-04-14,19960.873333333333,1.4113333333333333
2021-04-15,19971.65,1.4249999999999998
2021-04-16,19982.426666666666,1.4386666666666665
2021-04-17,19993.20333333333,1.4523333333333333
2021-04-18,20003.98,1.466
2021-04-19,20014.756666666668,1.4796666666666667
2021-04-20,20025.533333333333,1.4933333333333332
2021-04-21,20036.309999999998,1.507
2021-04-22,20047.086666666666,1.5206666666666666
2021-04-23,20057.863333333335,1.534333333333333
2021-04-24,20068.64,1.548
2021-04-25,20079.416666666664,1.5616666666666665
2021-04-26,20090.193333333333,1.5753333333333333
2021-04-27,20100.97,1.589
2021-04-28,20111.746666666666,1.6026666666666665
2021-04-29,20122.52333333333,1.6163333333333332
2021-04-30,20133.3,1.63
2021-05-01,20143.122580645162,1.6261290322580644
2021-05-02,20152.94516129032,1.6222580645161289
2021-05-03,20162.767741935484,1.6183870967741933
2021-05-04,20172.590322580643,1.614516129032258
2021-05-05,20182.412903225806,1.6106451612903225
2021-05-06,20192.235483870965,1.606774193548387
2021-05-07,20202.058064516128,1.6029032258064515
2021-05-08,20211.88064516129,1.599032258064516
2021-05-09,20221.70322580645,1.5951612903225805
2021-05-10,20231.525806451613,1.5912903225806452
2021-05-11,20241.348387096772,1.5874193548387097
2021-05-12,20251.170967741935,1.5835483870967741
2021-05-13,20260.993548387098,1.5796774193548386
2021-05-14,20270.816129032257,1.5758064516129031
2021-05-15,20280.63870967742,1.5719354838709676
2021-05-16,20290.46129032258,1.5680645161290323
2021-05-17,20300.28387096774,1.5641935483870968
2021-05-18,20310.1064516129,1.5603225806451613
2021-05-19,20319.929032258064,1.5564516129032258
2021-05-20,20329.751612903226,1.5525806451612902
2021-05-21,20339.574193548386,1.5487096774193547
2021-05-22,20349.39677419355,1.5448387096774194
2021-05-23,20359.219354838708,1.540967741935484
2021-05-24,20369.04193548387,1.5370967741935484
2021-05-25,20378.864516129033,1.5332258064516129
2021-05-26,20388.687096774192,1.5293548387096774
2021-05-27,20398.509677419355,1.5254838709677419
2021-05-28,20408.332258064514,1.5216129032258066
2021-05-29,20418.154838709677,1.517741935483871
2021-05-30,20427.977419354836,1.5138709677419355
2021-05-31,20437.8,1.51
2021-06-01,20439.27333333333,1.467
2021-06-02,20440.746666666666,1.424
2021-06-03,20442.22,1.381
2021-06-04,20443.693333333333,1.338
2021-06-05,20445.166666666664,1.295
2021-06-06,20446.64,1.252
2021-06-07,20448.113333333335,1.209
2021-06-08,20449.586666666666,1.166
2021-06-09,20451.059999999998,1.123
2021-06-10,20452.533333333333,1.08
2021-06-11,20454.006666666668,1.037
2021-06-12,20455.48,0.994
2021-06-13,20456.95333333333,0.951
2021-06-14,20458.426666666666,0.9079999999999999
2021-06-15,20459.9,0.865
2021-06-16,20461.373333333333,0.822
2021-06-17,20462.846666666665,0.7789999999999999
2021-06-18,20464.32,0.736
2021-06-19,20465.793333333335,0.693
2021-06-20,20467.266666666666,0.6499999999999999
2021-06-21,20468.739999999998,0.607
2021-06-22,20470.213333333333,0.564
2021-06-23,20471.68666666667,0.5209999999999999
2021-06-24,20473.16,0.478
2021-06-25,20474.63333333333,0.43499999999999983
2021-06-26,20476.106666666667,0.3919999999999999
2021-06-27,20477.58,0.349
2021-06-28,20479.053333333333,0.3059999999999998
2021-06-29,20480.526666666665,0.2629999999999999
2021-06-30,20482.0,0.22
2021-07-01,20486.893548387096,0.2367741935483871
2021-07-02,20491.787096774195,0.2535483870967742
2021-07-03,20496.68064516129,0.2703225806451613
2021-07-04,20501.574193548386,0.2870967741935484
2021-07-05,20506.467741935485,0.30387096774193545
2021-07-06,20511.36129032258,0.3206451612903226
2021-07-07,20516.254838709676,0.33741935483870966
2021-07-08,20521.148387096775,0.35419354838709677
2021-07-09,20526.04193548387,0.3709677419354839
2021-07-10,20530.93548387097,0.3877419354838709
2021-07-11,20535.829032258065,0.4045161290322581
2021-07-12,20540.72258064516,0.42129032258064514
2021-07-13,20545.61612903226,0.43806451612903224
2021-07-14,20550.509677419355,0.45483870967741935
2021-07-15,20555.40322580645,0.4716129032258064
2021-07-16,20560.29677419355,0.48838709677419356
2021-07-17,20565.190322580645,0.5051612903225806
2021-07-18,20570.08387096774,0.5219354838709678
2021-07-19,20574.97741935484,0.5387096774193548
2021-07-20,20579.870967741936,0.5554838709677419
2021-07-21,20584.76451612903,0.572258064516129
2021-07-22,20589.65806451613,0.5890322580645161
2021-07-23,20594.551612903226,0.6058064516129033
2021-07-24,20599.445161290325,0.6225806451612903
2021-07-25,20604.33870967742,0.6393548387096774
2021-07-26,20609.232258064516,0.6561290322580645
2021-07-27,20614.125806451615,0.6729032258064516
2021-07-28,20619.01935483871,0.6896774193548387
2021-07-29,20623.912903225806,0.7064516129032258
2021-07-30,20628.806451612905,0.7232258064516128
2021-07-31,20633.7,0.74
2021-08-01,20640.5,0.7490322580645161
2021-08-02,20647.3,0.7580645161290323
2021-08-03,20654.100000000002,0.7670967741935484
2021-08-04,20660.9,0.7761290322580645
2021-08-05,20667.7,0.7851612903225806
2021-08-06,20674.5,0.7941935483870968
2021-08-07,20681.3,0.8032258064516129
2021-08-08,20688.100000000002,0.812258064516129
2021-08-09,20694.9,0.8212903225806452
2021-08-10,20701.7,0.8303225806451613
2021-08-11,20708.5,0.8393548387096774
2021-08-12,20715.3,0.8483870967741935
2021-08-13,20722.100000000002,0.8574193548387097
2021-08-14,20728.9,0.8664516129032258
2021-08-15,20735.7,0.8754838709677419
2021-08-16,20742.5,0.8845161290322581
2021-08-17,20749.3,0.8935483870967742
2021-08-18,20756.1,0.9025806451612903
2021-08-19,20762.9,0.9116129032258065
2021-08-20,20769.7,0.9206451612903226
2021-08-21,20776.5,0.9296774193548387
2021-08-22,20783.3,0.9387096774193548
2021-08-23,20790.1,0.947741935483871
2021-08-24,20796.9,0.9567741935483871
2021-08-25,20803.7,0.9658064516129032
2021-08-26,20810.5,0.9748387096774194
2021-08-27,20817.3,0.9838709677419355
2021-08-28,20824.1,0.9929032258064516
2021-08-29,20830.9,1.0019354838709678
2021-08-30,20837.7,1.0109677419354839
2021-08-31,20844.5,1.02
2021-09-01,20848.816666666666,1.0066666666666666
2021-09-02,20853.133333333335,0.9933333333333334
2021-09-03,20857.45,0.98
2021-09-04,20861.766666666666,0.9666666666666667
2021-09-05,20866.083333333332,0.9533333333333334
2021-09-06,20870.4,0.9400000000000001
2021-09-07,20874.716666666667,0.9266666666666666
2021-09-08,20879.033333333333,0.9133333333333333
2021-09-09,20883.35,0.9
2021-09-10,20887.666666666668,0.8866666666666667
2021-09-11,20891.983333333334,0.8733333333333333
2021-09-12,20896.3,0.86
2021-09-13,20900.616666666665,0.8466666666666667
2021-09-14,20904.933333333334,0.8333333333333334
2021-09-15,20909.25,0.8200000000000001
2021-09-16,20913.566666666666,0.8066666666666666
2021-09-17,20917.883333333335,0.7933333333333333
2021-09-18,20922.2,0.78
2021-09-19,20926.516666666666,0.7666666666666666
2021-09-20,20930.833333333332,0.7533333333333334
2021-09-21,20935.15,0.74
2021-09-22,20939.466666666667,0.7266666666666667
2021-09-23,20943.783333333333,0.7133333333333334
2021-09-24,20948.1,0.7
2021-09-25,20952.416666666668,0.6866666666666666
2021-09-26,20956.733333333334,0.6733333333333333
2021-09-27,20961.05,0.6599999999999999
2021-09-28,20965.366666666665,0.6466666666666667
2021-09-29,20969.683333333334,0.6333333333333333
2021-09-30,20974.0,0.62
2021-10-01,20979.803225806452,0.6277419354838709
2021-10-02,20985.606451612904,0.635483870967742
2021-10-03,20991.409677419357,0.6432258064516129
2021-10-04,20997.212903225805,0.6509677419354839
2021-10-05,21003.016129032258,0.6587096774193548
2021-10-06,21008.81935483871,0.6664516129032259
2021-10-07,21014.622580645162,0.6741935483870968
2021-10-08,21020.425806451614,0.6819354838709677
2021-10-09,21026.229032258067,0.6896774193548387
2021-10-10,21032.032258064515,0.6974193548387096
2021-10-11,21037.835483870967,0.7051612903225807
2021-10-12,21043.63870967742,0.7129032258064516
2021-10-13,21049.441935483872,0.7206451612903226
2021-10-14,21055.245161290324,0.7283870967741936
2021-10-15,21061.048387096776,0.7361290322580645
2021-10-16,21066.851612903225,0.7438709677419355
2021-10-17,21072.654838709677,0.7516129032258064
2021-10-18,21078.45806451613,0.7593548387096773
2021-10-19,21084.26129032258,0.7670967741935484
2021-10-20,21090.064516129034,0.7748387096774194
2021-10-21,21095.867741935486,0.7825806451612903
2021-10-22,21101.670967741935,0.7903225806451613
2021-10-23,21107.474193548387,0.7980645161290323
2021-10-24,21113.27741935484,0.8058064516129032
2021-10-25,21119.08064516129,0.8135483870967741
2021-10-26,21124.883870967744,0.8212903225806452
2021-10-27,21130.687096774196,0.8290322580645162
2021-10-28,21136.490322580645,0.8367741935483871
2021-10-29,21142.293548387097,0.844516129032258
2021-10-30,21148.09677419355,0.8522580645161291
2021-10-31,21153.9,0.86
2021-11-01,21159.693333333336,0.8586666666666667
2021-11-02,21165.486666666668,0.8573333333333333
2021-11-03,21171.280000000002,0.856
2021-11-04,21177.073333333334,0.8546666666666667
2021-11-05,21182.86666666667,0.8533333333333333
2021-11-06,21188.66,0.852
2021-11-07,21194.453333333335,0.8506666666666667
2021-11-08,21200.24666666667,0.8493333333333333
2021-11-09,21206.04,0.848
2021-11-10,21211.833333333336,0.8466666666666667
2021-11-11,21217.626666666667,0.8453333333333333
2021-11-12,21223.420000000002,0.844
2021-11-13,21229.213333333333,0.8426666666666667
2021-11-14,21235.006666666668,0.8413333333333333
2021-11-15,21240.800000000003,0.84
2021-11-16,21246.593333333334,0.8386666666666667
2021-11-17,21252.38666666667,0.8373333333333333
2021-11-18,21258.18,0.836
2021-11-19,21263.973333333335,0.8346666666666667
2021-11-20,21269.766666666666,0.8333333333333333
2021-11-21,21275.56,0.832
2021-11-22,21281.353333333333,0.8306666666666667
2021-11-23,21287.146666666667,0.8293333333333333
2021-11-24,21292.940000000002,0.828
2021-11-25,21298.733333333334,0.8266666666666667
2021-11-26,21304.52666666667,0.8253333333333333
2021-11-27,21310.32,0.824
2021-11-28,21316.113333333335,0.8226666666666667
2021-11-29,21321.906666666666,0.8213333333333332
2021-11-30,21327.7,0.82
2021-12-01,21333.516129032258,0.8209677419354838
2021-12-02,21339.332258064518,0.8219354838709677
2021-12-03,21345.148387096775,0.8229032258064516
2021-12-04,21350.964516129032,0.8238709677419355
2021-12-05,21356.780645161292,0.8248387096774193
2021-12-06,21362.59677419355,0.8258064516129032
2021-12-07,21368.412903225806,0.8267741935483871
2021-12-08,21374.229032258067,0.8277419354838709
2021-12-09,21380.045161290323,0.8287096774193548
2021-12-10,21385.86129032258,0.8296774193548386
2021-12-11,21391.67741935484,0.8306451612903225
2021-12-12,21397.493548387098,0.8316129032258064
2021-12-13,21403.309677419355,0.8325806451612903
2021-12-14,21409.125806451615,0.8335483870967741
2021-12-15,21414.941935483872,0.834516129032258
2021-12-16,21420.75806451613,0.8354838709677419
2021-12-17,21426.574193548386,0.8364516129032258
2021-12-18,21432.390322580646,0.8374193548387097
2021-12-19,21438.206451612903,0.8383870967741935
2021-12-20,21444.02258064516,0.8393548387096774
2021-12-21,21449.83870967742,0.8403225806451613
2021-12-22,21455.654838709677,0.8412903225806452
2021-12-23,21461.470967741934,0.8422580645161291
2021-12-24,21467.287096774195,0.8432258064516128
2021-12-25,21473.10322580645,0.8441935483870967
2021-12-26,21478.91935483871,0.8451612903225806
2021-12-27,21484.73548387097,0.8461290322580645
2021-12-28,21490.551612903226,0.8470967741935483
2021-12-29,21496.367741935483,0.8480645161290322
2021-12-30,21502.183870967743,0.8490322580645161
2021-12-31,21508.0,0.85
2022-01-01,21509.890322580646,0.8312903225806452
2022-01-02,21511.78064516129,0.8125806451612902
2022-01-03,21513.670967741935,0.7938709677419354
2022-01-04,21515.56129032258,0.7751612903225806
2022-01-05,21517.451612903227,0.7564516129032258
2022-01-06,21519.34193548387,0.737741935483871
2022-01-07,21521.232258064516,0.7190322580645161
2022-01-08,21523.122580645162,0.7003225806451613
2022-01-09,21525.012903225805,0.6816129032258065
2022-01-10,21526.90322580645,0.6629032258064516
2022-01-11,21528.793548387097,0.6441935483870967
2022-01-12,21530.683870967743,0.6254838709677419
2022-01-13,21532.574193548386,0.6067741935483871
2022-01-14,21534.464516129032,0.5880645161290323
2022-01-15,21536.354838709678,0.5693548387096774
2022-01-16,21538.24516129032,0.5506451612903226
2022-01-17,21540.135483870967,0.5319354838709678
2022-01-18,21542.025806451613,0.5132258064516129
2022-01-19,21543.916129032255,0.49451612903225806
2022-01-20,21545.8064516129,0.47580645161290325
2022-01-21,21547.696774193548,0.45709677419354844
2022-01-22,21549.587096774194,0.4383870967741936
2022-01-23,21551.477419354836,0.4196774193548387
2022-01-24,21553.367741935483,0.4009677419354839
2022-01-25,21555.25806451613,0.3822580645161291
2022-01-26,21557.14838709677,0.36354838709677423
2022-01-27,21559.038709677418,0.34483870967741936
2022-01-28,21560.929032258064,0.32612903225806456
2022-01-29,21562.81935483871,0.30741935483870975
2022-01-30,21564.709677419352,0.2887096774193548
2022-01-31,21566.6,0.27
2022-02-01,21568.55357142857,0.2692857142857143
2022-02-02,21570.507142857143,0.26857142857142857
2022-02-03,21572.460714285713,0.26785714285714285
2022-02-04,21574.414285714283,0.2671428571428572
2022-02-05,21576.367857142857,0.26642857142857146
2022-02-06,21578.321428571428,0.26571428571428574
2022-02-07,21580.274999999998,0.265
2022-02-08,21582.22857142857,0.2642857142857143
2022-02-09,21584.182142857142,0.26357142857142857
2022-02-10,21586.135714285712,0.26285714285714284
2022-02-11,21588.089285714286,0.2621428571428572
2022-02-12,21590.042857142857,0.26142857142857145
2022-02-13,21591.996428571427,0.26071428571428573
2022-02-14,21593.949999999997,0.26
2022-02-15,21595.90357142857,0.2592857142857143
2022-02-16,21597.85714285714,0.25857142857142856
2022-02-17,21599.81071428571,0.25785714285714284
2022-02-18,21601.764285714286,0.2571428571428572
2022-02-19,21603.717857142856,0.25642857142857145
2022-02-20,21605.671428571426,0.2557142857142857
2022-02-21,21607.625,0.255
2022-02-22,21609.57857142857,0.2542857142857143
2022-02-23,21611.53214285714,0.25357142857142856
2022-02-24,21613.485714285714,0.25285714285714284
2022-02-25,21615.439285714285,0.25214285714285717
2022-02-26,21617.392857142855,0.25142857142857145
2022-02-27,21619.34642857143,0.2507142857142857
2022-02-28,21621.3,0.25
2022-03-01,21624.59677419355,0.25709677419354837
2022-03-02,21627.893548387096,0.2641935483870968
2022-03-03,21631.190322580645,0.27129032258064517
2022-03-04,21634.48709677419,0.27838709677419354
2022-03-05,21637.78387096774,0.2854838709677419
2022-03-06,21641.080645161288,0.29258064516129034
2022-03-07,21644.377419354838,0.2996774193548387
2022-03-08,21647.674193548388,0.3067741935483871
2022-03-09,21650.970967741934,0.31387096774193546
2022-03-10,21654.267741935484,0.3209677419354839
2022-03-11,21657.56451612903,0.32806451612903226
2022-03-12,21660.86129032258,0.33516129032258063
2022-03-13,21664.15806451613,0.34225806451612906
2022-03-14,21667.454838709677,0.34935483870967743
2022-03-15,21670.751612903226,0.3564516129032258
2022-03-16,21674.048387096773,0.3635483870967742
2022-03-17,21677.345161290323,0.37064516129032254
2022-03-18,21680.64193548387,0.37774193548387097
2022-03-19,21683.93870967742,0.38483870967741934
2022-03-20,21687.23548387097,0.39193548387096777
2022-03-21,21690.532258064515,0.39903225806451614
2022-03-22,21693.829032258065,0.4061290322580645
2022-03-23,21697.12580645161,0.4132258064516129
2022-03-24,21700.42258064516,0.42032258064516126
2022-03-25,21703.71935483871,0.42741935483870963
2022-03-26,21707.016129032258,0.43451612903225806
2022-03-27,21710.312903225808,0.44161290322580643
2022-03-28,21713.609677419354,0.44870967741935486
2022-03-29,21716.906451612904,0.45580645161290323
2022-03-30,21720.20322580645,0.4629032258064516
2022-03-31,21723.5,0.47
2022-04-01,21723.526666666665,0.4543333333333333
2022-04-02,21723.553333333333,0.43866666666666665
2022-04-03,21723.58,0.423
2022-04-04,21723.606666666667,0.4073333333333333
2022-04-05,21723.63333333333,0.39166666666666666
2022-04-06,21723.66,0.376
2022-04-07,21723.68666666667,0.3603333333333333
2022-04-08,21723.713333333333,0.3446666666666667
2022-04-09,21723.739999999998,0.32899999999999996
2022-04-10,21723.766666666666,0.31333333333333335
2022-04-11,21723.793333333335,0.29766666666666663
2022-04-12,21723.82,0.282
2022-04-13,21723.846666666665,0.2663333333333333
2022-04-14,21723.873333333333,0.25066666666666665
2022-04-15,21723.9,0.235
2022-04-16,21723.926666666666,0.21933333333333332
2022-04-17,21723.95333333333,0.20366666666666666
2022-04-18,21723.98,0.188
2022-04-19,21724.006666666668,0.17233333333333334
2022-04-20,21724.033333333333,0.15666666666666668
2022-04-21,21724.059999999998,0.14100000000000001
2022-04-22,21724.086666666666,0.12533333333333335
2022-04-23,21724.113333333335,0.10966666666666669
2022-04-24,21724.14,0.09399999999999997
2022-04-25,21724.166666666664,0.07833333333333331
2022-04-26,21724.193333333333,0.06266666666666665
2022-04-27,21724.22,0.046999999999999986
2022-04-28,21724.246666666666,0.031333333333333324
2022-04-29,21724.27333333333,0.015666666666666662
2022-04-30,21724.3,0.0
2022-05-01,21723.451612903224,-0.003870967741935484
2022-05-02,21722.60322580645,-0.007741935483870968
2022-05-03,21721.754838709676,-0.01161290322580645
2022-05-04,21720.906451612904,-0.015483870967741935
2022-05-05,21720.058064516128,-0.01935483870967742
2022-05-06,21719.209677419356,-0.0232258064516129
2022-05-07,21718.36129032258,-0.027096774193548386
2022-05-08,21717.512903225805,-0.03096774193548387
2022-05-09,21716.664516129033,-0.03483870967741935
2022-05-10,21715.816129032257,-0.03870967741935484
2022-05-11,21714.967741935485,-0.04258064516129032
2022-05-12,21714.11935483871,-0.0464516129032258
2022-05-13,21713.270967741933,-0.05032258064516129
2022-05-14,21712.42258064516,-0.05419354838709677
2022-05-15,21711.574193548386,-0.05806451612903226
2022-05-16,21710.725806451614,-0.06193548387096774
2022-05-17,21709.877419354838,-0.06580645161290323
2022-05-18,21709.029032258066,-0.0696774193548387
2022-05-19,21708.18064516129,-0.07354838709677419
2022-05-20,21707.332258064514,-0.07741935483870968
2022-05-21,21706.483870967742,-0.08129032258064516
2022-05-22,21705.635483870967,-0.08516129032258064
2022-05-23,21704.787096774195,-0.08903225806451613
2022-05-24,21703.93870967742,-0.0929032258064516
2022-05-25,21703.090322580643,-0.0967741935483871
2022-05-26,21702.24193548387,-0.10064516129032258
2022-05-27,21701.393548387096,-0.10451612903225807
2022-05-28,21700.545161290323,-0.10838709677419354
2022-05-29,21699.696774193548,-0.11225806451612903
2022-05-30,21698.848387096776,-0.11612903225806452
2022-05-31,21698.0,-0.12
2022-06-01,21696.52,-0.12266666666666666
2022-06-02,21695.04,-0.12533333333333332
2022-06-03,21693.56,-0.128
2022-06-04,21692.079999999998,-0.13066666666666665
2022-06-05,21690.6,-0.13333333333333333
2022-06-06,21689.12,-0.136
2022-06-07,21687.64,-0.13866666666666666
2022-06-08,21686.16,-0.14133333333333334
2022-06-09,21684.68,-0.144
2022-06-10,21683.2,-0.14666666666666667
2022-06-11,21681.72,-0.14933333333333332
2022-06-12,21680.239999999998,-0.152
2022-06-13,21678.76,-0.15466666666666667
2022-06-14,21677.28,-0.15733333333333333
2022-06-15,21675.8,-0.16
2022-06-16,21674.32,-0.16266666666666668
2022-06-17,21672.84,-0.16533333333333333
2022-06-18,21671.36,-0.168
2022-06-19,21669.879999999997,-0.17066666666666666
2022-06-20,21668.399999999998,-0.17333333333333334
2022-06-21,21666.92,-0.176
2022-06-22,21665.44,-0.17866666666666667
2022-06-23,21663.96,-0.18133333333333335
2022-06-24,21662.48,-0.184
2022-06-25,21661.0,-0.18666666666666668
2022-06-26,21659.52,-0.18933333333333335
2022-06-27,21658.039999999997,-0.192
2022-06-28,21656.559999999998,-0.19466666666666665
2022-06-29,21655.079999999998,-0.19733333333333333
2022-06-30,21653.6,-0.2
2022-07-01,21653.348387096772,-0.19483870967741937
2022-07-02,21653.096774193546,-0.18967741935483873
2022-07-03,21652.845161290323,-0.18451612903225809
2022-07-04,21652.593548387096,-0.17935483870967744
2022-07-05,21652.34193548387,-0.17419354838709677
2022-07-06,21652.090322580643,-0.16903225806451613
2022-07-07,21651.838709677417,-0.1638709677419355
2022-07-08,21651.587096774194,-0.15870967741935485
2022-07-09,21651.335483870967,-0.1535483870967742
2022-07-10,21651.08387096774,-0.14838709677419357
2022-07-11,21650.832258064514,-0.14322580645161292
2022-07-12,21650.580645161288,-0.13806451612903226
2022-07-13,21650.329032258065,-0.13290322580645164
2022-07-14,21650.07741935484,-0.12774193548387097
2022-07-15,21649.825806451612,-0.12258064516129033
2022-07-16,21649.574193548386,-0.11741935483870969
2022-07-17,21649.32258064516,-0.11225806451612905
2022-07-18,21649.070967741933,-0.1070967741935484
2022-07-19,21648.81935483871,-0.10193548387096775
2022-07-20,21648.567741935483,-0.09677419354838711
2022-07-21,21648.316129032257,-0.09161290322580647
2022-07-22,21648.06451612903,-0.08645161290322581
2022-07-23,21647.812903225804,-0.08129032258064517
2022-07-24,21647.56129032258,-0.07612903225806453
2022-07-25,21647.309677419355,-0.07096774193548389
2022-07-26,21647.058064516128,-0.06580645161290324
2022-07-27,21646.8064516129,-0.0606451612903226
2022-07-28,21646.554838709675,-0.05548387096774193
2022-07-29,21646.303225806452,-0.05032258064516129
2022-07-30,21646.051612903226,-0.04516129032258065
2022-07-31,21645.8,-0.04
2022-08-01,21645.22258064516,-0.04129032258064516
2022-08-02,21644.645161290322,-0.04258064516129032
2022-08-03,21644.067741935483,-0.04387096774193548
2022-08-04,21643.490322580645,-0.04516129032258065
2022-08-05,21642.912903225806,-0.04645161290322581
2022-08-06,21642.335483870967,-0.04774193548387097
2022-08-07,21641.75806451613,-0.04903225806451613
2022-08-08,21641.18064516129,-0.05032258064516129
2022-08-09,21640.60322580645,-0.05161290322580645
2022-08-10,21640.025806451613,-0.05290322580645161
2022-08-11,21639.448387096774,-0.05419354838709678
2022-08-12,21638.870967741936,-0.05548387096774193
2022-08-13,21638.293548387097,-0.0567741935483871
2022-08-14,21637.71612903226,-0.05806451612903226
2022-08-15,21637.13870967742,-0.05935483870967742
2022-08-16,21636.56129032258,-0.06064516129032258
2022-08-17,21635.983870967742,-0.06193548387096774
2022-08-18,21635.406451612904,-0.06322580645161291
2022-08-19,21634.829032258065,-0.06451612903225806
2022-08-20,21634.251612903226,-0.06580645161290323
2022-08-21,21633.674193548388,-0.06709677419354838
2022-08-22,21633.09677419355,-0.06838709677419355
2022-08-23,21632.51935483871,-0.0696774193548387
2022-08-24,21631.941935483872,-0.07096774193548387
2022-08-25,21631.364516129033,-0.07225806451612904
2022-08-26,21630.787096774195,-0.07354838709677419
2022-08-27,21630.209677419356,-0.07483870967741935
2022-08-28,21629.632258064517,-0.07612903225806453
2022-08-29,21629.05483870968,-0.07741935483870968
2022-08-30,21628.47741935484,-0.07870967741935483
2022-08-31,21627.9,-0.08
2022-09-01,21623.93666666667,-0.09566666666666668
2022-09-02,21619.973333333335,-0.11133333333333334
2022-09-03,21616.010000000002,-0.127
2022-09-04,21612.04666666667,-0.14266666666666666
2022-09-05,21608.083333333336,-0.15833333333333333
2022-09-06,21604.120000000003,-0.17400000000000002
2022-09-07,21600.15666666667,-0.1896666666666667
2022-09-08,21596.193333333333,-0.20533333333333337
2022-09-09,21592.23,-0.22100000000000003
2022-09-10,21588.266666666666,-0.2366666666666667
2022-09-11,21584.303333333333,-0.25233333333333335
2022-09-12,21580.34,-0.268
2022-09-13,21576.376666666667,-0.2836666666666667
2022-09-14,21572.413333333334,-0.2993333333333334
2022-09-15,21568.45,-0.31500000000000006
2022-09-16,21564.486666666668,-0.3306666666666667
2022-09-17,21560.523333333334,-0.3463333333333334
2022-09-18,21556.56,-0.36200000000000004
2022-09-19,21552.596666666668,-0.3776666666666667
2022-09-20,21548.633333333335,-0.39333333333333337
2022-09-21,21544.670000000002,-0.4090000000000001
2022-09-22,21540.70666666667,-0.42466666666666675
2022-09-23,21536.743333333332,-0.4403333333333334
2022-09-24,21532.78,-0.45600000000000007
2022-09-25,21528.816666666666,-0.47166666666666673
2022-09-26,21524.853333333333,-0.4873333333333334
2022-09-27,21520.89,-0.503
2022-09-28,21516.926666666666,-0.5186666666666667
2022-09-29,21512.963333333333,-0.5343333333333334
2022-09-30,21509.0,-0.55
2022-10-01,21506.593548387096,-0.5435483870967742
2022-10-02,21504.187096774192,-0.5370967741935484
2022-10-03,21501.78064516129,-0.5306451612903226
2022-10-04,21499.37419354839,-0.5241935483870969
2022-10-05,21496.967741935485,-0.517741935483871
2022-10-06,21494.56129032258,-0.5112903225806452
2022-10-07,21492.154838709677,-0.5048387096774194
2022-10-08,21489.748387096774,-0.49838709677419357
2022-10-09,21487.34193548387,-0.49193548387096775
2022-10-10,21484.93548387097,-0.485483870967742
2022-10-11,21482.529032258066,-0.47903225806451616
2022-10-12,21480.122580645162,-0.47258064516129034
2022-10-13,21477.71612903226,-0.46612903225806457
2022-10-14,21475.309677419355,-0.45967741935483875
2022-10-15,21472.90322580645,-0.4532258064516129
2022-10-16,21470.49677419355,-0.4467741935483871
2022-10-17,21468.090322580647,-0.4403225806451613
2022-10-18,21465.683870967743,-0.4338709677419355
2022-10-19,21463.27741935484,-0.4274193548387097
2022-10-20,21460.870967741936,-0.4209677419354839
2022-10-21,21458.464516129032,-0.4145161290322581
2022-10-22,21456.05806451613,-0.4080645161290323
2022-10-23,21453.651612903228,-0.40161290322580645
2022-10-24,21451.245161290324,-0.3951612903225806
2022-10-25,21448.83870967742,-0.3887096774193548
2022-10-26,21446.432258064517,-0.38225806451612904
2022-10-27,21444.025806451613,-0.3758064516129032
2022-10-28,21441.619354838713,-0.36935483870967745
2022-10-29,21439.21290322581,-0.3629032258064516
2022-10-30,21436.806451612905,-0.3564516129032258
2022-10-31,21434.4,-0.35
2022-11-01,21432.190000000002,-0.3486666666666666
2022-11-02,21429.98,-0.3473333333333333
2022-11-03,21427.77,-0.346
2022-11-04,21425.56,-0.3446666666666666
2022-11-05,21423.350000000002,-0.3433333333333333
2022-11-06,21421.14,-0.34199999999999997
2022-11-07,21418.93,-0.3406666666666667
2022-11-08,21416.72,-0.3393333333333333
2022-11-09,21414.510000000002,-0.33799999999999997
2022-11-10,21412.3,-0.33666666666666667
2022-11-11,21410.09,-0.3353333333333333
2022-11-12,21407.88,-0.33399999999999996
2022-11-13,21405.670000000002,-0.33266666666666667
2022-11-14,21403.46,-0.3313333333333333
2022-11-15,21401.25,-0.32999999999999996
2022-11-16,21399.04,-0.32866666666666666
2022-11-17,21396.829999999998,-0.3273333333333333
2022-11-18,21394.62,-0.326
2022-11-19,21392.41,-0.32466666666666666
2022-11-20,21390.2,-0.3233333333333333
2022-11-21,21387.989999999998,-0.322
2022-11-22,21385.78,-0.32066666666666666
2022-11-23,21383.57,-0.3193333333333333
2022-11-24,21381.36,-0.318
2022-11-25,21379.149999999998,-0.31666666666666665
2022-11-26,21376.94,-0.31533333333333335
2022-11-27,21374.73,-0.314
2022-11-28,21372.52,-0.31266666666666665
2022-11-29,21370.309999999998,-0.31133333333333335
2022-11-30,21368.1,-0.31
2022-12-01,21365.06129032258,-0.3141935483870968
2022-12-02,21362.02258064516,-0.3183870967741935
2022-12-03,21358.983870967742,-0.3225806451612903
2022-12-04,21355.94516129032,-0.3267741935483871
2022-12-05,21352.906451612904,-0.33096774193548384
2022-12-06,21349.867741935483,-0.33516129032258063
2022-12-07,21346.829032258065,-0.3393548387096774
2022-12-08,21343.790322580644,-0.3435483870967742
2022-12-09,21340.751612903226,-0.34774193548387095
2022-12-10,21337.712903225805,-0.35193548387096774
2022-12-11,21334.674193548388,-0.3561290322580645
2022-12-12,21331.635483870967,-0.3603225806451613
2022-12-13,21328.59677419355,-0.36451612903225805
2022-12-14,21325.558064516128,-0.36870967741935484
2022-12-15,21322.51935483871,-0.37290322580645163
2022-12-16,21319.48064516129,-0.37709677419354837
2022-12-17,21316.441935483872,-0.38129032258064516
2022-12-18,21313.40322580645,-0.38548387096774195
2022-12-19,21310.364516129033,-0.3896774193548387
2022-12-20,21307.325806451612,-0.3938709677419355
2022-12-21,21304.287096774195,-0.39806451612903226
2022-12-22,21301.248387096774,-0.402258064516129
2022-12-23,21298.209677419356,-0.4064516129032258
2022-12-24,21295.170967741935,-0.4106451612903226
2022-12-25,21292.132258064517,-0.4148387096774193
2022-12-26,21289.093548387096,-0.4190322580645161
2022-12-27,21286.05483870968,-0.4232258064516129
2022-12-28,21283.016129032258,-0.4274193548387097
2022-12-29,21279.97741935484,-0.4316129032258065
2022-12-30,21276.93870967742,-0.4358064516129032
2022-12-31,21273.9,-0.44
2023-01-01,21271.164516129033,-0.43870967741935485
2023-01-02,21268.429032258067,-0.4374193548387097
2023-01-03,21265.6935483871,-0.43612903225806454
2023-01-04,21262.95806451613,-0.43483870967741933
2023-01-05,21260.22258064516,-0.4335483870967742
2023-01-06,21257.487096774195,-0.432258064516129
2023-01-07,21254.751612903226,-0.4309677419354839
2023-01-08,21252.016129032258,-0.4296774193548387
2023-01-09,21249.280645161292,-0.42838709677419357
2023-01-10,21246.545161290323,-0.4270967741935484
2023-01-11,21243.809677419355,-0.42580645161290326
2023-01-12,21241.074193548386,-0.42451612903225805
2023-01-13,21238.33870967742,-0.4232258064516129
2023-01-14,21235.60322580645,-0.42193548387096774
2023-01-15,21232.867741935483,-0.4206451612903226
2023-01-16,21230.132258064517,-0.41935483870967744
2023-01-17,21227.39677419355,-0.4180645161290323
2023-01-18,21224.66129032258,-0.41677419354838713
2023-01-19,21221.925806451614,-0.415483870967742
2023-01-20,21219.190322580645,-0.41419354838709677
2023-01-21,21216.454838709677,-0.4129032258064516
2023-01-22,21213.719354838708,-0.41161290322580646
2023-01-23,21210.983870967742,-0.4103225806451613
2023-01-24,21208.248387096774,-0.40903225806451615
2023-01-25,21205.512903225805,-0.407741935483871
2023-01-26,21202.77741935484,-0.40645161290322585
2023-01-27,21200.04193548387,-0.40516129032258064
2023-01-28,21197.3064516129,-0.4038709677419355
2023-01-29,21194.570967741933,-0.40258064516129033
2023-01-30,21191.835483870967,-0.4012903225806452
2023-01-31,21189.1,-0.4
2023-02-01,21186.635714285712,-0.3975
2023-02-02,21184.171428571426,-0.395
2023-02-03,21181.70714285714,-0.3925
2023-02-04,21179.242857142857,-0.39
2023-02-05,21176.77857142857,-0.3875
2023-02-06,21174.314285714285,-0.385
2023-02-07,21171.85,-0.3825
2023-02-08,21169.385714285712,-0.38
2023-02-09,21166.921428571426,-0.3775
2023-02-10,21164.45714285714,-0.375
2023-02-11,21161.992857142857,-0.3725
2023-02-12,21159.52857142857,-0.37
2023-02-13,21157.064285714285,-0.36750000000000005
2023-02-14,21154.6,-0.365
2023-02-15,21152.135714285712,-0.36250000000000004
2023-02-16,21149.671428571426,-0.36000000000000004
2023-02-17,21147.20714285714,-0.35750000000000004
2023-02-18,21144.742857142857,-0.35500000000000004
2023-02-19,21142.27857142857,-0.35250000000000004
2023-02-20,21139.814285714285,-0.35000000000000003
2023-02-21,21137.35,-0.34750000000000003
2023-02-22,21134.885714285712,-0.34500000000000003
2023-02-23,21132.421428571426,-0.3425
2023-02-24,21129.95714285714,-0.34
2023-02-25,21127.492857142857,-0.3375
2023-02-26,21125.02857142857,-0.335
2023-02-27,21122.564285714285,-0.3325
2023-02-28,21120.1,-0.33
2023-03-01,21112.187096774192,-0.35677419354838713
2023-03-02,21104.274193548386,-0.3835483870967742
2023-03-03,21096.36129032258,-0.4103225806451613
2023-03-04,21088.448387096774,-0.43709677419354837
2023-03-05,21080.535483870968,-0.4638709677419355
2023-03-06,21072.62258064516,-0.49064516129032254
2023-03-07,21064.709677419352,-0.5174193548387096
2023-03-08,21056.796774193546,-0.5441935483870968
2023-03-09,21048.88387096774,-0.5709677419354838
2023-03-10,21040.970967741934,-0.5977419354838709
2023-03-11,21033.058064516128,-0.6245161290322581
2023-03-12,21025.145161290322,-0.6512903225806451
2023-03-13,21017.232258064516,-0.6780645161290322
2023-03-14,21009.31935483871,-0.7048387096774194
2023-03-15,21001.406451612904,-0.7316129032258063
2023-03-16,20993.493548387094,-0.7583870967741935
2023-03-17,20985.580645161288,-0.7851612903225806
2023-03-18,20977.667741935482,-0.8119354838709676
2023-03-19,20969.754838709676,-0.8387096774193548
2023-03-20,20961.84193548387,-0.8654838709677419
2023-03-21,20953.929032258064,-0.8922580645161289
2023-03-22,20946.016129032258,-0.919032258064516
2023-03-23,20938.10322580645,-0.945806451612903
2023-03-24,20930.190322580645,-0.9725806451612902
2023-03-25,20922.27741935484,-0.9993548387096773
2023-03-26,20914.36451612903,-1.0261290322580643
2023-03-27,20906.451612903224,-1.0529032258064515
2023-03-28,20898.538709677418,-1.0796774193548386
2023-03-29,20890.62580645161,-1.1064516129032256
2023-03-30,20882.712903225805,-1.1332258064516127
2023-03-31,20874.8,-1.16
2023-04-01,20869.579999999998,-1.1463333333333332
2023-04-02,20864.36,-1.1326666666666665
2023-04-03,20859.14,-1.119
2023-04-04,20853.92,-1.1053333333333333
2023-04-05,20848.7,-1.0916666666666666
2023-04-06,20843.48,-1.0779999999999998
2023-04-07,20838.26,-1.0643333333333334
2023-04-08,20833.04,-1.0506666666666666
2023-04-09,20827.82,-1.037
2023-04-10,20822.6,-1.0233333333333332
2023-04-11,20817.38,-1.0096666666666667
2023-04-12,20812.16,-0.996
2023-04-13,20806.94,-0.9823333333333333
2023-04-14,20801.72,-0.9686666666666666
2023-04-15,20796.5,-0.955
2023-04-16,20791.28,-0.9413333333333334
2023-04-17,20786.06,-0.9276666666666666
2023-04-18,20780.84,-0.9139999999999999
2023-04-19,20775.62,-0.9003333333333333
2023-04-20,20770.4,-0.8866666666666667
2023-04-21,20765.18,-0.873
2023-04-22,20759.96,-0.8593333333333333
2023-04-23,20754.74,-0.8456666666666667
2023-04-24,20749.52,-0.832
2023-04-25,20744.3,-0.8183333333333334
2023-04-26,20739.08,-0.8046666666666666
2023-04-27,20733.86,-0.7909999999999999
2023-04-28,20728.64,-0.7773333333333333
2023-04-29,20723.420000000002,-0.7636666666666667
2023-04-30,20718.2,-0.75
2023-05-01,20721.24193548387,-0.7109677419354838
2023-05-02,20724.28387096774,-0.6719354838709677
2023-05-03,20727.325806451612,-0.6329032258064516
2023-05-04,20730.367741935486,-0.5938709677419355
2023-05-05,20733.409677419357,-0.5548387096774193
2023-05-06,20736.451612903227,-0.5158064516129033
2023-05-07,20739.493548387098,-0.4767741935483871
2023-05-08,20742.535483870968,-0.43774193548387097
2023-05-09,20745.57741935484,-0.3987096774193548
2023-05-10,20748.61935483871,-0.3596774193548387
2023-05-11,20751.66129032258,-0.3206451612903226
2023-05-12,20754.703225806454,-0.28161290322580645
2023-05-13,20757.745161290324,-0.2425806451612903
2023-05-14,20760.787096774195,-0.20354838709677425
2023-05-15,20763.829032258065,-0.1645161290322581
2023-05-16,20766.870967741936,-0.12548387096774194
2023-05-17,20769.912903225806,-0.08645161290322578
2023-05-18,20772.954838709677,-0.047419354838709626
2023-05-19,20775.996774193547,-0.008387096774193581
2023-05-20,20779.03870967742,0.030645161290322576
2023-05-21,20782.08064516129,0.06967741935483873
2023-05-22,20785.122580645162,0.10870967741935478
2023-05-23,20788.164516129033,0.14774193548387093
2023-05-24,20791.206451612903,0.1867741935483871
2023-05-25,20794.248387096774,0.22580645161290325
2023-05-26,20797.290322580644,0.2648387096774194
2023-05-27,20800.332258064514,0.30387096774193556
2023-05-28,20803.37419354839,0.3429032258064515
2023-05-29,20806.41612903226,0.38193548387096765
2023-05-30,20809.45806451613,0.4209677419354838
2023-05-31,20812.5,0.46
2023-06-01,20812.003333333334,0.44233333333333336
2023-06-02,20811.506666666668,0.4246666666666667
2023-06-03,20811.01,0.40700000000000003
2023-06-04,20810.513333333332,0.38933333333333336
2023-06-05,20810.016666666666,0.3716666666666667
2023-06-06,20809.52,0.354
2023-06-07,20809.023333333334,0.3363333333333334
2023-06-08,20808.526666666665,0.31866666666666665
2023-06-09,20808.03,0.30100000000000005
2023-06-10,20807.533333333333,0.2833333333333333
2023-06-11,20807.036666666667,0.2656666666666667
2023-06-12,20806.54,0.248
2023-06-13,20806.04333333333,0.23033333333333333
2023-06-14,20805.546666666665,0.21266666666666667
2023-06-15,20805.05,0.195
2023-06-16,20804.553333333333,0.17733333333333334
2023-06-17,20804.056666666667,0.15966666666666668
2023-06-18,20803.559999999998,0.14200000000000002
2023-06-19,20803.06333333333,0.12433333333333335
2023-06-20,20802.566666666666,0.10666666666666669
2023-06-21,20802.07,0.08900000000000002
2023-06-22,20801.573333333334,0.07133333333333336
2023-06-23,20801.076666666664,0.053666666666666696
2023-06-24,20800.579999999998,0.035999999999999976
2023-06-25,20800.083333333332,0.018333333333333313
2023-06-26,20799.586666666666,0.0006666666666666488
2023-06-27,20799.09,-0.017000000000000015
2023-06-28,20798.59333333333,-0.03466666666666668
2023-06-29,20798.096666666665,-0.05233333333333329
2023-06-30,20797.6,-0.07
2023-07-01,20796.81935483871,-0.07161290322580646
2023-07-02,20796.038709677418,-0.0732258064516129
2023-07-03,20795.25806451613,-0.07483870967741936
2023-07-04,20794.477419354836,-0.07645161290322582
2023-07-05,20793.696774193548,-0.07806451612903226
2023-07-06,20792.916129032255,-0.07967741935483871
2023-07-07,20792.135483870967,-0.08129032258064517
2023-07-08,20791.354838709678,-0.08290322580645161
2023-07-09,20790.574193548386,-0.08451612903225807
2023-07-10,20789.793548387097,-0.08612903225806452
2023-07-11,20789.012903225805,-0.08774193548387096
2023-07-12,20788.232258064516,-0.08935483870967742
2023-07-13,20787.451612903227,-0.09096774193548388
2023-07-14,20786.670967741935,-0.09258064516129033
2023-07-15,20785.890322580646,-0.09419354838709677
2023-07-16,20785.109677419354,-0.09580645161290323
2023-07-17,20784.329032258065,-0.09741935483870967
2023-07-18,20783.548387096773,-0.09903225806451613
2023-07-19,20782.767741935484,-0.10064516129032258
2023-07-20,20781.987096774195,-0.10225806451612904
2023-07-21,20781.206451612903,-0.10387096774193548
2023-07-22,20780.425806451614,-0.10548387096774194
2023-07-23,20779.645161290322,-0.10709677419354838
2023-07-24,20778.864516129033,-0.10870967741935483
2023-07-25,20778.083870967745,-0.11032258064516129
2023-07-26,20777.303225806452,-0.11193548387096774
2023-07-27,20776.522580645164,-0.11354838709677419
2023-07-28,20775.74193548387,-0.11516129032258064
2023-07-29,20774.961290322582,-0.11677419354838708
2023-07-30,20774.18064516129,-0.11838709677419354
2023-07-31,20773.4,-0.12
2023-08-01,20772.651612903228,-0.11967741935483871
2023-08-02,20771.903225806454,-0.11935483870967742
2023-08-03,20771.154838709677,-0.11903225806451613
2023-08-04,20770.406451612904,-0.11870967741935483
2023-08-05,20769.65806451613,-0.11838709677419354
2023-08-06,20768.909677419357,-0.11806451612903225
2023-08-07,20768.161290322583,-0.11774193548387096
2023-08-08,20767.412903225806,-0.11741935483870967
2023-08-09,20766.664516129033,-0.11709677419354839
2023-08-10,20765.91612903226,-0.1167741935483871
2023-08-11,20765.167741935486,-0.11645161290322581
2023-08-12,20764.419354838712,-0.11612903225806451
2023-08-13,20763.670967741935,-0.11580645161290322
2023-08-14,20762.92258064516,-0.11548387096774193
2023-08-15,20762.174193548388,-0.11516129032258064
2023-08-16,20761.425806451614,-0.11483870967741935
2023-08-17,20760.67741935484,-0.11451612903225807
2023-08-18,20759.929032258067,-0.11419354838709678
2023-08-19,20759.18064516129,-0.11387096774193549
2023-08-20,20758.432258064517,-0.11354838709677419
2023-08-21,20757.683870967743,-0.1132258064516129
2023-08-22,20756.93548387097,-0.11290322580645161
2023-08-23,20756.187096774196,-0.11258064516129032
2023-08-24,20755.43870967742,-0.11225806451612903
2023-08-25,20754.690322580645,-0.11193548387096774
2023-08-26,20753.941935483872,-0.11161290322580646
2023-08-27,20753.1935483871,-0.11129032258064517
2023-08-28,20752.445161290325,-0.11096774193548387
2023-08-29,20751.696774193548,-0.11064516129032258
2023-08-30,20750.948387096774,-0.11032258064516129
2023-08-31,20750.2,-0.11
2023-09-01,20748.53,-0.11433333333333333
2023-09-02,20746.86,-0.11866666666666667
2023-09-03,20745.190000000002,-0.123
2023-09-04,20743.52,-0.12733333333333333
2023-09-05,20741.85,-0.13166666666666665
2023-09-06,20740.18,-0.136
2023-09-07,20738.510000000002,-0.14033333333333334
2023-09-08,20736.84,-0.14466666666666667
2023-09-09,20735.17,-0.149
2023-09-10,20733.5,-0.15333333333333332
2023-09-11,20731.83,-0.15766666666666668
2023-09-12,20730.16,-0.162
2023-09-13,20728.489999999998,-0.16633333333333333
2023-09-14,20726.82,-0.17066666666666666
2023-09-15,20725.15,-0.175
2023-09-16,20723.48,-0.17933333333333334
2023-09-17,20721.809999999998,-0.18366666666666664
2023-09-18,20720.14,-0.188
2023-09-19,20718.47,-0.19233333333333333
2023-09-20,20716.8,-0.19666666666666666
2023-09-21,20715.129999999997,-0.201
2023-09-22,20713.46,-0.2053333333333333
2023-09-23,20711.79,-0.20966666666666667
2023-09-24,20710.12,-0.214
2023-09-25,20708.449999999997,-0.21833333333333332
2023-09-26,20706.78,-0.22266666666666668
2023-09-27,20705.11,-0.22699999999999998
2023-09-28,20703.44,-0.23133333333333334
2023-09-29,20701.769999999997,-0.23566666666666664
2023-09-30,20700.1,-0.24
2023-10-01,20699.712903225805,-0.23419354838709677
2023-10-02,20699.325806451612,-0.22838709677419355
2023-10-03,20698.93870967742,-0.2225806451612903
2023-10-04,20698.551612903226,-0.2167741935483871
2023-10-05,20698.164516129033,-0.21096774193548387
2023-10-06,20697.777419354836,-0.20516129032258063
2023-10-07,20697.390322580643,-0.1993548387096774
2023-10-08,20697.00322580645,-0.1935483870967742
2023-10-09,20696.616129032256,-0.18774193548387097
2023-10-10,20696.229032258063,-0.18193548387096775
2023-10-11,20695.84193548387,-0.1761290322580645
2023-10-12,20695.454838709677,-0.1703225806451613
2023-10-13,20695.067741935483,-0.16451612903225807
2023-10-14,20694.68064516129,-0.15870967741935482
2023-10-15,20694.293548387097,-0.1529032258064516
2023-10-16,20693.9064516129,-0.14709677419354839
2023-10-17,20693.519354838707,-0.14129032258064517
2023-10-18,20693.132258064514,-0.13548387096774195
2023-10-19,20692.74516129032,-0.1296774193548387
2023-10-20,20692.358064516127,-0.12387096774193548
2023-10-21,20691.970967741934,-0.11806451612903227
2023-10-22,20691.58387096774,-0.11225806451612902
2023-10-23,20691.196774193548,-0.1064516129032258
2023-10-24,20690.809677419355,-0.10064516129032258
2023-10-25,20690.42258064516,-0.09483870967741936
2023-10-26,20690.035483870965,-0.08903225806451615
2023-10-27,20689.64838709677,-0.0832258064516129
2023-10-28,20689.261290322578,-0.07741935483870968
2023-10-29,20688.874193548385,-0.07161290322580646
2023-10-30,20688.48709677419,-0.06580645161290322
2023-10-31,20688.1,-0.06
2023-11-01,20688.70333333333,-0.055
2023-11-02,20689.306666666664,-0.049999999999999996
2023-11-03,20689.91,-0.045
2023-11-04,20690.513333333332,-0.039999999999999994
2023-11-05,20691.116666666665,-0.034999999999999996
2023-11-06,20691.719999999998,-0.03
2023-11-07,20692.323333333334,-0.024999999999999994
2023-11-08,20692.926666666666,-0.019999999999999997
2023-11-09,20693.53,-0.015
2023-11-10,20694.13333333333,-0.009999999999999995
2023-11-11,20694.736666666668,-0.0049999999999999975
2023-11-12,20695.34,0.0
2023-11-13,20695.943333333333,0.0050000000000000044
2023-11-14,20696.546666666665,0.010000000000000009
2023-11-15,20697.15,0.015
2023-11-16,20697.753333333334,0.020000000000000004
2023-11-17,20698.356666666667,0.02500000000000001
2023-11-18,20698.96,0.03
2023-11-19,20699.56333333333,0.035
2023-11-20,20700.166666666668,0.04000000000000001
2023-11-21,20700.77,0.045
2023-11-22,20701.373333333333,0.05
2023-11-23,20701.976666666666,0.05500000000000001
2023-11-24,20702.58,0.06
2023-11-25,20703.183333333334,0.065
2023-11-26,20703.786666666667,0.07
2023-11-27,20704.39,0.07500000000000001
2023-11-28,20704.993333333336,0.08000000000000002
2023-11-29,20705.596666666668,0.08499999999999999
2023-11-30,20706.2,0.09
2023-12-01,20707.912903225806,0.09548387096774193
2023-12-02,20709.625806451615,0.10096774193548387
2023-12-03,20711.33870967742,0.1064516129032258
2023-12-04,20713.051612903226,0.11193548387096774
2023-12-05,20714.76451612903,0.11741935483870967
2023-12-06,20716.47741935484,0.1229032258064516
2023-12-07,20718.190322580645,0.12838709677419355
2023-12-08,20719.90322580645,0.1338709677419355
2023-12-09,20721.61612903226,0.1393548387096774
2023-12-10,20723.329032258065,0.14483870967741935
2023-12-11,20725.04193548387,0.1503225806451613
2023-12-12,20726.754838709676,0.15580645161290324
2023-12-13,20728.467741935485,0.16129032258064518
2023-12-14,20730.18064516129,0.1667741935483871
2023-12-15,20731.893548387096,0.17225806451612904
2023-12-16,20733.606451612904,0.17774193548387096
2023-12-17,20735.31935483871,0.1832258064516129
2023-12-18,20737.032258064515,0.18870967741935485
2023-12-19,20738.745161290324,0.1941935483870968
2023-12-20,20740.45806451613,0.19967741935483874
2023-12-21,20742.170967741935,0.20516129032258065
2023-12-22,20743.88387096774,0.2106451612903226
2023-12-23,20745.59677419355,0.21612903225806454
2023-12-24,20747.309677419355,0.22161290322580646
2023-12-25,20749.02258064516,0.2270967741935484
2023-12-26,20750.73548387097,0.23258064516129034
2023-12-27,20752.448387096774,0.23806451612903226
2023-12-28,20754.16129032258,0.2435483870967742
2023-12-29,20755.874193548385,0.24903225806451615
2023-12-30,20757.587096774194,0.25451612903225806
2023-12-31,20759.3,0.26
2024-01-01,20759.335483870967,0.25193548387096776
2024-01-02,20759.370967741936,0.2438709677419355
2024-01-03,20759.406451612904,0.23580645161290323
2024-01-04,20759.441935483872,0.22774193548387098
2024-01-05,20759.47741935484,0.21967741935483873
2024-01-06,20759.512903225805,0.21161290322580645
2024-01-07,20759.548387096773,0.2035483870967742
2024-01-08,20759.58387096774,0.19548387096774195
2024-01-09,20759.61935483871,0.1874193548387097
2024-01-10,20759.654838709677,0.17935483870967744
2024-01-11,20759.690322580645,0.17129032258064517
2024-01-12,20759.725806451614,0.16322580645161291
2024-01-13,20759.76129032258,0.15516129032258066
2024-01-14,20759.79677419355,0.14709677419354839
2024-01-15,20759.832258064518,0.13903225806451613
2024-01-16,20759.867741935483,0.13096774193548388
2024-01-17,20759.90322580645,0.12290322580645163
2024-01-18,20759.93870967742,0.11483870967741938
2024-01-19,20759.974193548387,0.1067741935483871
2024-01-20,20760.009677419355,0.09870967741935485
2024-01-21,20760.045161290323,0.0906451612903226
2024-01-22,20760.08064516129,0.08258064516129032
2024-01-23,20760.11612903226,0.07451612903225807
2024-01-24,20760.151612903228,0.06645161290322582
2024-01-25,20760.187096774196,0.05838709677419357
2024-01-26,20760.22258064516,0.05032258064516132
2024-01-27,20760.25806451613,0.04225806451612904
2024-01-28,20760.293548387097,0.03419354838709679
2024-01-29,20760.329032258065,0.02612903225806454
2024-01-30,20760.364516129033,0.01806451612903226
2024-01-31,20760.4,0.01
2024-02-01,20761.789655172415,0.016206896551724137
2024-02-02,20763.17931034483,0.022413793103448276
2024-02-03,20764.568965517243,0.028620689655172414
2024-02-04,20765.958620689657,0.03482758620689655
2024-02-05,20767.34827586207,0.04103448275862069
2024-02-06,20768.737931034484,0.047241379310344826
2024-02-07,20770.127586206898,0.05344827586206897
2024-02-08,20771.51724137931,0.0596551724137931
2024-02-09,20772.906896551725,0.06586206896551723
2024-02-10,20774.29655172414,0.07206896551724137
2024-02-11,20775.686206896553,0.07827586206896552
2024-02-12,20777.075862068967,0.08448275862068964
2024-02-13,20778.46551724138,0.09068965517241379
2024-02-14,20779.855172413794,0.09689655172413793
2024-02-15,20781.244827586208,0.10310344827586206
2024-02-16,20782.63448275862,0.1093103448275862
2024-02-17,20784.024137931036,0.11551724137931034
2024-02-18,20785.41379310345,0.12172413793103447
2024-02-19,20786.803448275863,0.1279310344827586
2024-02-20,20788.193103448277,0.13413793103448277
2024-02-21,20789.58275862069,0.1403448275862069
2024-02-22,20790.972413793104,0.14655172413793105
2024-02-23,20792.362068965518,0.15275862068965518
2024-02-24,20793.751724137932,0.1589655172413793
2024-02-25,20795.141379310346,0.16517241379310346
2024-02-26,20796.53103448276,0.1713793103448276
2024-02-27,20797.920689655173,0.17758620689655172
2024-02-28,20799.310344827587,0.18379310344827587
2024-02-29,20800.7,0.19
2024-03-01,20804.08387096774,0.2
2024-03-02,20807.467741935485,0.21
2024-03-03,20810.851612903225,0.22
2024-03-04,20814.23548387097,0.23
2024-03-05,20817.61935483871,0.24
2024-03-06,20821.003225806453,0.25
2024-03-07,20824.387096774193,0.26
2024-03-08,20827.770967741937,0.27
2024-03-09,20831.154838709677,0.28
2024-03-10,20834.53870967742,0.29000000000000004
2024-03-11,20837.92258064516,0.3
2024-03-12,20841.3064516129,0.31
2024-03-13,20844.690322580645,0.32
2024-03-14,20848.074193548386,0.33
2024-03-15,20851.45806451613,0.33999999999999997
2024-03-16,20854.84193548387,0.35
2024-03-17,20858.225806451614,0.36
2024-03-18,20861.609677419354,0.37
2024-03-19,20864.993548387098,0.38
2024-03-20,20868.377419354838,0.39
2024-03-21,20871.761290322578,0.4
2024-03-22,20875.145161290322,0.41000000000000003
2024-03-23,20878.529032258062,0.42000000000000004
2024-03-24,20881.912903225806,0.43
2024-03-25,20885.296774193546,0.44
2024-03-26,20888.68064516129,0.45
2024-03-27,20892.06451612903,0.46
2024-03-28,20895.448387096774,0.47000000000000003
2024-03-29,20898.832258064514,0.48
2024-03-30,20902.21612903226,0.49
2024-03-31,20905.6,0.5
2024-04-01,20906.466666666664,0.48733333333333334
2024-04-02,20907.333333333332,0.4746666666666667
2024-04-03,20908.199999999997,0.462
2024-04-04,20909.066666666666,0.44933333333333336
2024-04-05,20909.93333333333,0.43666666666666665
2024-04-06,20910.8,0.424
2024-04-07,20911.666666666664,0.41133333333333333
2024-04-08,20912.533333333333,0.39866666666666667
2024-04-09,20913.399999999998,0.386
2024-04-10,20914.266666666666,0.37333333333333335
2024-04-11,20915.13333333333,0.3606666666666667
2024-04-12,20916.0,0.348
2024-04-13,20916.866666666665,0.33533333333333337
2024-04-14,20917.733333333334,0.32266666666666666
2024-04-15,20918.6,0.31
2024-04-16,20919.466666666664,0.29733333333333334
2024-04-17,20920.333333333332,0.2846666666666667
2024-04-18,20921.199999999997,0.272
2024-04-19,20922.066666666666,0.2593333333333333
2024-04-20,20922.93333333333,0.2466666666666667
2024-04-21,20923.8,0.23399999999999999
2024-04-22,20924.666666666664,0.22133333333333333
2024-04-23,20925.533333333333,0.20866666666666667
2024-04-24,20926.399999999998,0.196
2024-04-25,20927.266666666666,0.18333333333333335
2024-04-26,20928.13333333333,0.1706666666666667
2024-04-27,20929.0,0.15800000000000003
2024-04-28,20929.866666666665,0.14533333333333331
2024-04-29,20930.733333333334,0.13266666666666665
2024-04-30,20931.6,0.12
2024-05-01,20934.22580645161,0.12870967741935482
2024-05-02,20936.851612903225,0.13741935483870968
2024-05-03,20939.477419354836,0.1461290322580645
2024-05-04,20942.10322580645,0.15483870967741936
2024-05-05,20944.729032258063,0.1635483870967742
2024-05-06,20947.354838709678,0.17225806451612902
2024-05-07,20949.98064516129,0.18096774193548387
2024-05-08,20952.6064516129,0.18967741935483873
2024-05-09,20955.232258064516,0.19838709677419356
2024-05-10,20957.858064516127,0.20709677419354838
2024-05-11,20960.483870967742,0.21580645161290324
2024-05-12,20963.109677419354,0.22451612903225807
2024-05-13,20965.735483870965,0.2332258064516129
2024-05-14,20968.36129032258,0.24193548387096775
2024-05-15,20970.98709677419,0.2506451612903226
2024-05-16,20973.612903225807,0.25935483870967746
2024-05-17,20976.23870967742,0.26806451612903226
2024-05-18,20978.864516129033,0.2767741935483871
2024-05-19,20981.490322580645,0.28548387096774197
2024-05-20,20984.116129032256,0.29419354838709677
2024-05-21,20986.74193548387,0.3029032258064516
2024-05-22,20989.367741935483,0.3116129032258065
2024-05-23,20991.993548387098,0.3203225806451613
2024-05-24,20994.61935483871,0.32903225806451614
2024-05-25,20997.24516129032,0.337741935483871
2024-05-26,20999.870967741936,0.3464516129032258
2024-05-27,21002.496774193547,0.3551612903225807
2024-05-28,21005.122580645162,0.3638709677419355
2024-05-29,21007.748387096774,0.37258064516129036
2024-05-30,21010.37419354839,0.3812903225806452
2024-05-31,21013.0,0.39
2024-06-01,21015.206666666665,0.38766666666666666
2024-06-02,21017.413333333334,0.38533333333333336
2024-06-03,21019.62,0.383
2024-06-04,21021.826666666668,0.38066666666666665
2024-06-05,21024.033333333333,0.37833333333333335
2024-06-06,21026.24,0.376
2024-06-07,21028.446666666667,0.3736666666666667
2024-06-08,21030.653333333332,0.37133333333333335
2024-06-09,21032.86,0.369
2024-06-10,21035.066666666666,0.3666666666666667
2024-06-11,21037.273333333334,0.36433333333333334
2024-06-12,21039.48,0.362
2024-06-13,21041.68666666667,0.3596666666666667
2024-06-14,21043.893333333333,0.35733333333333334
2024-06-15,21046.1,0.355
2024-06-16,21048.306666666667,0.3526666666666667
2024-06-17,21050.513333333332,0.35033333333333333
2024-06-18,21052.72,0.34800000000000003
2024-06-19,21054.926666666666,0.3456666666666667
2024-06-20,21057.133333333335,0.3433333333333333
2024-06-21,21059.34,0.341
2024-06-22,21061.54666666667,0.33866666666666667
2024-06-23,21063.753333333334,0.3363333333333334
2024-06-24,21065.96,0.334
2024-06-25,21068.166666666668,0.33166666666666667
2024-06-26,21070.373333333333,0.32933333333333337
2024-06-27,21072.58,0.327
2024-06-28,21074.786666666667,0.32466666666666666
2024-06-29,21076.993333333336,0.32233333333333336
2024-06-30,21079.2,0.32
2024-07-01,21079.664516129033,0.31193548387096776
2024-07-02,21080.129032258064,0.3038709677419355
2024-07-03,21080.593548387096,0.29580645161290325
2024-07-04,21081.058064516128,0.28774193548387095
2024-07-05,21081.52258064516,0.2796774193548387
2024-07-06,21081.987096774195,0.27161290322580645
2024-07-07,21082.451612903227,0.2635483870967742
2024-07-08,21082.91612903226,0.25548387096774194
2024-07-09,21083.38064516129,0.2474193548387097
2024-07-10,21083.845161290323,0.23935483870967744
2024-07-11,21084.309677419355,0.23129032258064516
2024-07-12,21084.774193548386,0.2232258064516129
2024-07-13,21085.23870967742,0.21516129032258066
2024-07-14,21085.70322580645,0.20709677419354838
2024-07-15,21086.167741935482,0.19903225806451613
2024-07-16,21086.632258064517,0.19096774193548388
2024-07-17,21087.09677419355,0.18290322580645163
2024-07-18,21087.56129032258,0.17483870967741938
2024-07-19,21088.025806451613,0.1667741935483871
2024-07-20,21088.490322580645,0.15870967741935485
2024-07-21,21088.954838709677,0.1506451612903226
2024-07-22,21089.41935483871,0.14258064516129032
2024-07-23,21089.88387096774,0.13451612903225807
2024-07-24,21090.348387096772,0.12645161290322582
2024-07-25,21090.812903225804,0.11838709677419357
2024-07-26,21091.27741935484,0.11032258064516132
2024-07-27,21091.74193548387,0.10225806451612904
2024-07-28,21092.206451612903,0.09419354838709679
2024-07-29,21092.670967741935,0.08612903225806454
2024-07-30,21093.135483870967,0.07806451612903226
2024-07-31,21093.6,0.07
2024-08-01,21096.46774193548,0.08129032258064517
2024-08-02,21099.335483870967,0.09258064516129033
2024-08-03,21102.20322580645,0.1038709677419355
2024-08-04,21105.070967741933,0.11516129032258066
2024-08-05,21107.93870967742,0.12645161290322582
2024-08-06,21110.8064516129,0.13774193548387098
2024-08-07,21113.674193548384,0.14903225806451614
2024-08-08,21116.54193548387,0.1603225806451613
2024-08-09,21119.409677419353,0.17161290322580647
2024-08-10,21122.27741935484,0.18290322580645163
2024-08-11,21125.145161290322,0.1941935483870968
2024-08-12,21128.012903225805,0.20548387096774193
2024-08-13,21130.88064516129,0.2167741935483871
2024-08-14,21133.748387096774,0.22806451612903225
2024-08-15,21136.616129032256,0.23935483870967741
2024-08-16,21139.483870967742,0.25064516129032255
2024-08-17,21142.351612903225,0.26193548387096777
2024-08-18,21145.219354838708,0.2732258064516129
2024-08-19,21148.087096774194,0.2845161290322581
2024-08-20,21150.954838709677,0.2958064516129032
2024-08-21,21153.82258064516,0.3070967741935484
2024-08-22,21156.690322580645,0.3183870967741935
2024-08-23,21159.558064516128,0.3296774193548387
2024-08-24,21162.425806451614,0.34096774193548385
2024-08-25,21165.293548387097,0.352258064516129
2024-08-26,21168.16129032258,0.3635483870967742
2024-08-27,21171.029032258066,0.37483870967741933
2024-08-28,21173.89677419355,0.3861290322580645
2024-08-29,21176.76451612903,0.39741935483870966
2024-08-30,21179.632258064517,0.4087096774193548
2024-08-31,21182.5,0.42
2024-09-01,21184.83,0.417
2024-09-02,21187.16,0.414
2024-09-03,21189.49,0.411
2024-09-04,21191.82,0.408
2024-09-05,21194.15,0.40499999999999997
2024-09-06,21196.48,0.40199999999999997
2024-09-07,21198.81,0.399
2024-09-08,21201.14,0.396
2024-09-09,21203.47,0.393
2024-09-10,21205.8,0.39
2024-09-11,21208.13,0.387
2024-09-12,21210.46,0.384
2024-09-13,21212.79,0.381
2024-09-14,21215.12,0.378
2024-09-15,21217.45,0.375
2024-09-16,21219.780000000002,0.372
2024-09-17,21222.11,0.369
2024-09-18,21224.440000000002,0.366
2024-09-19,21226.77,0.363
2024-09-20,21229.100000000002,0.36
2024-09-21,21231.43,0.357
2024-09-22,21233.760000000002,0.354
2024-09-23,21236.09,0.351
2024-09-24,21238.420000000002,0.34800000000000003
2024-09-25,21240.75,0.34500000000000003
2024-09-26,21243.08,0.342
2024-09-27,21245.41,0.339
2024-09-28,21247.74,0.336
2024-09-29,21250.07,0.333
2024-09-30,21252.4,0.33
2024-10-01,21254.99032258065,0.33161290322580644
2024-10-02,21257.58064516129,0.3332258064516129
2024-10-03,21260.17096774194,0.33483870967741935
2024-10-04,21262.76129032258,0.33645161290322584
2024-10-05,21265.35161290323,0.33806451612903227
2024-10-06,21267.941935483872,0.33967741935483875
2024-10-07,21270.53225806452,0.3412903225806452
2024-10-08,21273.122580645162,0.3429032258064516
2024-10-09,21275.71290322581,0.3445161290322581
2024-10-10,21278.303225806452,0.3461290322580645
2024-10-11,21280.8935483871,0.347741935483871
2024-10-12,21283.483870967742,0.34935483870967743
2024-10-13,21286.07419354839,0.35096774193548386
2024-10-14,21288.664516129033,0.35258064516129034
2024-10-15,21291.25483870968,0.35419354838709677
2024-10-16,21293.845161290323,0.35580645161290325
2024-10-17,21296.43548387097,0.3574193548387097
2024-10-18,21299.025806451613,0.3590322580645161
2024-10-19,21301.61612903226,0.3606451612903226
2024-10-20,21304.206451612903,0.362258064516129
2024-10-21,21306.79677419355,0.3638709677419355
2024-10-22,21309.387096774193,0.36548387096774193
2024-10-23,21311.97741935484,0.3670967741935484
2024-10-24,21314.567741935483,0.36870967741935484
2024-10-25,21317.15806451613,0.3703225806451613
2024-10-26,21319.748387096774,0.37193548387096775
2024-10-27,21322.33870967742,0.3735483870967742
2024-10-28,21324.929032258064,0.37516129032258067
2024-10-29,21327.51935483871,0.3767741935483871
2024-10-30,21330.109677419354,0.3783870967741936
2024-10-31,21332.7,0.38
2024-11-01,21337.13666666667,0.388
2024-11-02,21341.573333333334,0.396
2024-11-03,21346.010000000002,0.404
2024-11-04,21350.446666666667,0.41200000000000003
2024-11-05,21354.883333333335,0.42
2024-11-06,21359.32,0.428
2024-11-07,21363.756666666668,0.436
2024-11-08,21368.193333333333,0.444
2024-11-09,21372.63,0.452
2024-11-10,21377.066666666666,0.46
2024-11-11,21381.503333333334,0.46799999999999997
2024-11-12,21385.94,0.476
2024-11-13,21390.376666666667,0.484
2024-11-14,21394.81333333333,0.492
2024-11-15,21399.25,0.5
2024-11-16,21403.68666666667,0.508
2024-11-17,21408.123333333333,0.516
2024-11-18,21412.56,0.524
2024-11-19,21416.996666666666,0.532
2024-11-20,21421.433333333334,0.54
2024-11-21,21425.87,0.548
2024-11-22,21430.306666666667,0.556
2024-11-23,21434.743333333332,0.5640000000000001
2024-11-24,21439.18,0.5720000000000001
2024-11-25,21443.616666666665,0.5800000000000001
2024-11-26,21448.053333333333,0.5880000000000001
2024-11-27,21452.489999999998,0.596
2024-11-28,21456.926666666666,0.604
2024-11-29,21461.36333333333,0.612
2024-11-30,21465.8,0.62
2024-12-01,21468.493548387098,0.6125806451612903
2024-12-02,21471.187096774192,0.6051612903225806
2024-12-03,21473.88064516129,0.597741935483871
2024-12-04,21476.574193548386,0.5903225806451613
2024-12-05,21479.267741935484,0.5829032258064516
2024-12-06,21481.96129032258,0.5754838709677419
2024-12-07,21484.654838709677,0.5680645161290323
2024-12-08,21487.348387096772,0.5606451612903226
2024-12-09,21490.04193548387,0.5532258064516129
2024-12-10,21492.735483870965,0.5458064516129032
2024-12-11,21495.429032258064,0.5383870967741935
2024-12-12,21498.122580645162,0.5309677419354839
2024-12-13,21500.816129032257,0.5235483870967742
2024-12-14,21503.509677419355,0.5161290322580645
2024-12-15,21506.20322580645,0.5087096774193548
2024-12-16,21508.89677419355,0.5012903225806452
2024-12-17,21511.590322580643,0.4938709677419355
2024-12-18,21514.28387096774,0.4864516129032258
2024-12-19,21516.977419354836,0.4790322580645161
2024-12-20,21519.670967741935,0.47161290322580646
2024-12-21,21522.364516129033,0.4641935483870968
2024-12-22,21525.058064516128,0.4567741935483871
2024-12-23,21527.751612903226,0.4493548387096774
2024-12-24,21530.44516129032,0.44193548387096776
2024-12-25,21533.13870967742,0.4345161290322581
2024-12-26,21535.832258064514,0.4270967741935484
2024-12-27,21538.525806451613,0.4196774193548387
2024-12-28,21541.219354838708,0.412258064516129
2024-12-29,21543.912903225806,0.40483870967741936
2024-12-30,21546.6064516129,0.3974193548387097
2024-12-31,21549.3,0.39
2025-01-01,21549.690322580645,0.37935483870967746
2025-01-02,21550.080645161288,0.36870967741935484
2025-01-03,21550.470967741934,0.3580645161290323
2025-01-04,21550.86129032258,0.34741935483870967
2025-01-05,21551.251612903226,0.3367741935483871
2025-01-06,21551.64193548387,0.32612903225806456
2025-01-07,21552.032258064515,0.31548387096774194
2025-01-08,21552.42258064516,0.3048387096774194
2025-01-09,21552.812903225808,0.29419354838709677
2025-01-10,21553.20322580645,0.2835483870967742
2025-01-11,21553.593548387096,0.27290322580645165
2025-01-12,21553.983870967742,0.26225806451612904
2025-01-13,21554.37419354839,0.25161290322580643
2025-01-14,21554.76451612903,0.2409677419354839
2025-01-15,21555.154838709677,0.2303225806451613
2025-01-16,21555.545161290323,0.21967741935483873
2025-01-17,21555.93548387097,0.20903225806451614
2025-01-18,21556.325806451612,0.19838709677419356
2025-01-19,21556.71612903226,0.187741935483871
2025-01-20,21557.106451612904,0.1770967741935484
2025-01-21,21557.49677419355,0.16645161290322583
2025-01-22,21557.887096774193,0.15580645161290324
2025-01-23,21558.27741935484,0.14516129032258066
2025-01-24,21558.667741935486,0.13451612903225807
2025-01-25,21559.05806451613,0.12387096774193551
2025-01-26,21559.448387096774,0.1132258064516129
2025-01-27,21559.83870967742,0.10258064516129034
2025-01-28,21560.229032258067,0.09193548387096778
2025-01-29,21560.619354838713,0.08129032258064517
2025-01-30,21561.009677419355,0.07064516129032261
2025-01-31,21561.4,0.06
2025-02-01,21561.4,0.06
2025-02-02,21561.4,0.06
2025-02-03,21561.4,0.06
2025-02-04,21561.4,0.06
2025-02-05,21561.4,0.06
2025-02-06,21561.4,0.06
2025-02-07,21561.4,0.06
2025-02-08,21561.4,0.06
2025-02-09,21561.4,0.06
2025-02-10,21561.4,0.06
2025-02-11,21561.4,0.06
2025-02-12,21561.4,0.06
2025-02-13,21561.4,0.06
2025-02-14,21561.4,0.06
2025-02-15,21561.4,0.06
2025-02-16,21561.4,0.06
2025-02-17,21561.4,0.06
2025-02-18,21561.4,0.06
2025-02-19,21561.4,0.06
2025-02-20,21561.4,0.06
2025-02-21,21561.4,0.06
2025-02-22,21561.4,0.06
2025-02-23,21561.4,0.06
2025-02-24,21561.4,0.06
2025-02-25,21561.4,0.06
2025-02-26,21561.4,0.06
2025-02-27,21561.4,0.06
2025-02-28,21561.4,0.06
2025-03-01,21561.4,0.06
2025-03-02,21561.4,0.06
2025-03-03,21561.4,0.06
2025-03-04,21561.4,0.06
2025-03-05,21561.4,0.06
