Date,Accts Payable,Rate of Change (%)
2020-01-01,12766.0,0.0
2020-01-02,12766.0,0.0
2020-01-03,12766.0,0.0
2020-01-04,12766.0,0.0
2020-01-05,12766.0,0.0
2020-01-06,12766.0,0.0
2020-01-07,12766.0,0.0
2020-01-08,12766.0,0.0
2020-01-09,12766.0,0.0
2020-01-10,12766.0,0.0
2020-01-11,12766.0,0.0
2020-01-12,12766.0,0.0
2020-01-13,12766.0,0.0
2020-01-14,12766.0,0.0
2020-01-15,12766.0,0.0
2020-01-16,12766.0,0.0
2020-01-17,12766.0,0.0
2020-01-18,12766.0,0.0
2020-01-19,12766.0,0.0
2020-01-20,12766.0,0.0
2020-01-21,12766.0,0.0
2020-01-22,12766.0,0.0
2020-01-23,12766.0,0.0
2020-01-24,12766.0,0.0
2020-01-25,12766.0,0.0
2020-01-26,12766.0,0.0
2020-01-27,12766.0,0.0
2020-01-28,12766.0,0.0
2020-01-29,12766.0,0.0
2020-01-30,12766.0,0.0
2020-01-31,12766.0,0.0
2020-02-01,12766.0,0.0
2020-02-02,12766.0,0.0
2020-02-03,12766.0,0.0
2020-02-04,12766.0,0.0
2020-02-05,12766.0,0.0
2020-02-06,12766.0,0.0
2020-02-07,12766.0,0.0
2020-02-08,12766.0,0.0
2020-02-09,12766.0,0.0
2020-02-10,12766.0,0.0
2020-02-11,12766.0,0.0
2020-02-12,12766.0,0.0
2020-02-13,12766.0,0.0
2020-02-14,12766.0,0.0
2020-02-15,12766.0,0.0
2020-02-16,12766.0,0.0
2020-02-17,12766.0,0.0
2020-02-18,12766.0,0.0
2020-02-19,12766.0,0.0
2020-02-20,12766.0,0.0
2020-02-21,12766.0,0.0
2020-02-22,12766.0,0.0
2020-02-23,12766.0,0.0
2020-02-24,12766.0,0.0
2020-02-25,12766.0,0.0
2020-02-26,12766.0,0.0
2020-02-27,12766.0,0.0
2020-02-28,12766.0,0.0
2020-02-29,12766.0,0.0
2020-03-01,12766.0,0.0
2020-03-02,12766.0,0.0
2020-03-03,12766.0,0.0
2020-03-04,12766.0,0.0
2020-03-05,12766.0,0.0
2020-03-06,12766.0,0.0
2020-03-07,12766.0,0.0
2020-03-08,12766.0,0.0
2020-03-09,12766.0,0.0
2020-03-10,12766.0,0.0
2020-03-11,12766.0,0.0
2020-03-12,12766.0,0.0
2020-03-13,12766.0,0.0
2020-03-14,12766.0,0.0
2020-03-15,12766.0,0.0
2020-03-16,12766.0,0.0
2020-03-17,12766.0,0.0
2020-03-18,12766.0,0.0
2020-03-19,12766.0,0.0
2020-03-20,12766.0,0.0
2020-03-21,12766.0,0.0
2020-03-22,12766.0,0.0
2020-03-23,12766.0,0.0
2020-03-24,12766.0,0.0
2020-03-25,12766.0,0.0
2020-03-26,12766.0,0.0
2020-03-27,12766.0,0.0
2020-03-28,12758.153846153846,-0.061461333590429046
2020-03-29,12750.307692307691,-0.06149913177696531
2020-03-30,12742.461538461539,-0.06153697648321188
2020-03-31,12734.615384615385,-0.06157486779514443
2020-04-01,12726.76923076923,-0.06161280579886075
2020-04-02,12718.923076923076,-0.06165079058072509
2020-04-03,12711.076923076924,-0.06168882222732375
2020-04-04,12703.23076923077,-0.061726900825453956
2020-04-05,12695.384615384615,-0.061765026462079486
2020-04-06,12687.538461538461,-0.06180319922443056
2020-04-07,12679.692307692309,-0.06184141919992614
2020-04-08,12671.846153846154,-0.06187968647626274
2020-04-09,12664.0,-0.0619180011412368
2020-04-10,12656.153846153846,-0.06195636328296672
2020-04-11,12648.307692307691,-0.06199477298972633
2020-04-12,12640.461538461539,-0.06203323035005592
2020-04-13,12632.615384615385,-0.06207173545269562
2020-04-14,12624.76923076923,-0.06211028838659649
2020-04-15,12616.923076923076,-0.06214888924093165
2020-04-16,12609.076923076924,-0.06218753810509625
2020-04-17,12601.23076923077,-0.06222623506875191
2020-04-18,12593.384615384615,-0.06226498022171567
2020-04-19,12585.538461538461,-0.062303773654059924
2020-04-20,12577.692307692309,-0.06234261545606801
2020-04-21,12569.846153846154,-0.062381505718311914
2020-04-22,12562.0,-0.062420444531485764
2020-04-23,12554.153846153846,-0.062459431986583436
2020-04-24,12546.307692307691,-0.06249846817479865
2020-04-25,12538.461538461539,-0.06253755318756937
2020-04-26,12530.615384615385,-0.06257668711656672
2020-04-27,12522.76923076923,-0.06261587005366165
2020-04-28,12514.923076923076,-0.06265510209096936
2020-04-29,12507.076923076924,-0.06269438332082711
2020-04-30,12499.23076923077,-0.0627337138358608
2020-05-01,12491.384615384615,-0.06277309372885176
2020-05-02,12483.538461538461,-0.0628125230928478
2020-05-03,12475.692307692309,-0.06285200202110763
2020-05-04,12467.846153846154,-0.06289153060721198
2020-05-05,12460.0,-0.06293110894486365
2020-05-06,12452.153846153846,-0.06297073712804302
2020-05-07,12444.307692307691,-0.06301041525099693
2020-05-08,12436.461538461539,-0.06305014340816095
2020-05-09,12428.615384615385,-0.06308992169428151
2020-05-10,12420.76923076923,-0.06312975020424938
2020-05-11,12412.923076923076,-0.06316962903325507
2020-05-12,12405.076923076924,-0.06320955827672226
2020-05-13,12397.23076923077,-0.06324953803034106
2020-05-14,12389.384615384615,-0.06328956838996813
2020-05-15,12381.538461538461,-0.063329649451771
2020-05-16,12373.692307692309,-0.06336978131211701
2020-05-17,12365.846153846154,-0.0634099640676955
2020-05-18,12358.0,-0.06345019781532901
2020-05-19,12350.153846153846,-0.06349048265216206
2020-05-20,12342.307692307691,-0.06353081867557231
2020-05-21,12334.461538461539,-0.06357120598315946
2020-05-22,12326.615384615385,-0.06361164467284519
2020-05-23,12318.76923076923,-0.0636521348426844
2020-05-24,12310.923076923076,-0.06369267659107614
2020-05-25,12303.076923076924,-0.06373327001660822
2020-05-26,12295.23076923077,-0.06377391521821263
2020-05-27,12287.384615384615,-0.06381461229495455
2020-05-28,12279.538461538461,-0.06385536134622116
2020-05-29,12271.692307692309,-0.06389616247164387
2020-05-30,12263.846153846154,-0.06393701577113164
2020-05-31,12256.0,-0.0639779213447933
2020-06-01,12248.153846153846,-0.0640188792930374
2020-06-02,12240.307692307691,-0.06405988971650567
2020-06-03,12232.461538461539,-0.06410095271610627
2020-06-04,12224.615384615385,-0.06414206839305825
2020-06-05,12216.76923076923,-0.06418323684873606
2020-06-06,12208.923076923076,-0.06422445818484723
2020-06-07,12201.076923076924,-0.06426573250333245
2020-06-08,12193.23076923077,-0.06430705990644325
2020-06-09,12185.384615384615,-0.06434844049661992
2020-06-10,12177.538461538461,-0.06438987437662469
2020-06-11,12169.692307692309,-0.06443136164943075
2020-06-12,12161.846153846154,-0.06447290241836656
2020-06-13,12154.0,-0.06451449678692711
2020-06-14,12146.153846153846,-0.06455614485892935
2020-06-15,12138.307692307691,-0.0645978467384456
2020-06-16,12130.461538461539,-0.0646396025298035
2020-06-17,12122.615384615385,-0.06468141233766378
2020-06-18,12114.76923076923,-0.0647232762668648
2020-06-19,12106.923076923076,-0.064765194422578
2020-06-20,12099.076923076924,-0.06480716691020794
2020-06-21,12091.23076923077,-0.06484919383551446
2020-06-22,12083.384615384615,-0.06489127530442396
2020-06-23,12075.538461538461,-0.06493341142319586
2020-06-24,12067.692307692309,-0.06497560229834498
2020-06-25,12059.846153846154,-0.06501784803671917
2020-06-26,12052.0,-0.06506014874536614
2020-06-27,12066.78021978022,0.12263707086141995
2020-06-28,12081.560439560439,0.12248685656834901
2020-06-29,12096.34065934066,0.12233700981061357
2020-06-30,12111.12087912088,0.1221875292409802
2020-07-01,12125.901098901099,0.12203841351876576
2020-07-02,12140.681318681318,0.12188966130985968
2020-07-03,12155.461538461539,0.12174127128663503
2020-07-04,12170.241758241758,0.12159324212785982
2020-07-05,12185.021978021978,0.12144557251880794
2020-07-06,12199.802197802197,0.12129826115110376
2020-07-07,12214.582417582418,0.12115130672269991
2020-07-08,12229.362637362638,0.12100470793781071
2020-07-09,12244.142857142857,0.12085846350702312
2020-07-10,12258.923076923076,0.12071257214707476
2020-07-11,12273.703296703297,0.12056703258089829
2020-07-12,12288.483516483517,0.1204218435375548
2020-07-13,12303.263736263736,0.12027700375227823
2020-07-14,12318.043956043955,0.12013251196636432
2020-07-15,12332.824175824177,0.11998836692710402
2020-07-16,12347.604395604396,0.1198445673878501
2020-07-17,12362.384615384615,0.11970111210788392
2020-07-18,12377.164835164835,0.11955799985243765
2020-07-19,12391.945054945056,0.11941522939267202
2020-07-20,12406.725274725275,0.11927279950552094
2020-07-21,12421.505494505494,0.11913070897386913
2020-07-22,12436.285714285714,0.11898895658628561
2020-07-23,12451.065934065935,0.11884754113715701
2020-07-24,12465.846153846154,0.11870646142657648
2020-07-25,12480.626373626374,0.11856571626034373
2020-07-26,12495.406593406593,0.1184253044498762
2020-07-27,12510.186813186814,0.11828522481229786
2020-07-28,12524.967032967033,0.118145476170195
2020-07-29,12539.747252747253,0.11800605735181602
2020-07-30,12554.527472527472,0.11786696719091605
2020-07-31,12569.307692307691,0.11772820452671251
2020-08-01,12584.087912087913,0.11758976820390732
2020-08-02,12598.868131868132,0.11745165707259808
2020-08-03,12613.648351648351,0.1173138699883225
2020-08-04,12628.42857142857,0.11717640581194733
2020-08-05,12643.208791208792,0.11703926340971282
2020-08-06,12657.989010989011,0.11690244165307728
2020-08-07,12672.76923076923,0.11676593941887248
2020-08-08,12687.54945054945,0.11662975558912603
2020-08-09,12702.329670329671,0.1164938890510614
2020-08-10,12717.10989010989,0.11635833869705348
2020-08-11,12731.89010989011,0.11622310342473963
2020-08-12,12746.670329670329,0.1160881821367532
2020-08-13,12761.45054945055,0.115953573740879
2020-08-14,12776.23076923077,0.11581927714992002
2020-08-15,12791.010989010989,0.11568529128180849
2020-08-16,12805.791208791208,0.11555161505933942
2020-08-17,12820.57142857143,0.11541824741039264
2020-08-18,12835.351648351649,0.11528518726771075
2020-08-19,12850.131868131868,0.11515243356903238
2020-08-20,12864.912087912087,0.11501998525691448
2020-08-21,12879.692307692309,0.11488784127882123
2020-08-22,12894.472527472528,0.11475600058699076
2020-08-23,12909.252747252747,0.11462446213854616
2020-08-24,12924.032967032967,0.11449322489534008
2020-08-25,12938.813186813186,0.11436228782393254
2020-08-26,12953.593406593407,0.1142316498957241
2020-08-27,12968.373626373626,0.11410131008664504
2020-08-28,12983.153846153846,0.11397126737744401
2020-08-29,12997.934065934067,0.11384152075344378
2020-08-30,13012.714285714286,0.11371206920456345
2020-08-31,13027.494505494506,0.11358291172538504
2020-09-01,13042.274725274725,0.11345404731497588
2020-09-02,13057.054945054944,0.11332547497697743
2020-09-03,13071.835164835165,0.11319719371953862
2020-09-04,13086.615384615385,0.11306920255527153
2020-09-05,13101.395604395604,0.1129415005012957
2020-09-06,13116.175824175825,0.11281408657914938
2020-09-07,13130.956043956045,0.11268695981474508
2020-09-08,13145.736263736264,0.11256011923841402
2020-09-09,13160.516483516483,0.1124335638848395
2020-09-10,13175.296703296703,0.11230729279303464
2020-09-11,13190.076923076924,0.1121813050063869
2020-09-12,13204.857142857143,0.11205559957243594
2020-09-13,13219.637362637362,0.1119301755431179
2020-09-14,13234.417582417582,0.1118050319745656
2020-09-15,13249.197802197803,0.11168016792713065
2020-09-16,13263.978021978022,0.11155558246529473
2020-09-17,13278.758241758242,0.11143127465778058
2020-09-18,13293.538461538461,0.11130724357748534
2020-09-19,13308.318681318682,0.11118348830134739
2020-09-20,13323.098901098901,0.11106000791043513
2020-09-21,13337.87912087912,0.1109368014899248
2020-09-22,13352.65934065934,0.11081386812901162
2020-09-23,13367.439560439561,0.11069120692097645
2020-09-24,13382.21978021978,0.11056881696298593
2020-09-25,13397.0,0.11044669735633672
2020-09-26,13377.39175257732,-0.14636297247653252
2020-09-27,13357.783505154639,-0.14657750767373967
2020-09-28,13338.175257731958,-0.1467926727148572
2020-09-29,13318.567010309278,-0.14700847037764087
2020-09-30,13298.958762886597,-0.1472249034562223
2020-10-01,13279.350515463917,-0.1474419747612199
2020-10-02,13259.742268041236,-0.1476596871198388
2020-10-03,13240.134020618556,-0.14787804337600408
2020-10-04,13220.525773195875,-0.14809704639050514
2020-10-05,13200.917525773195,-0.14831669904108447
2020-10-06,13181.309278350516,-0.14853700422259308
2020-10-07,13161.701030927836,-0.14875796484713488
2020-10-08,13142.092783505155,-0.14897958384409993
2020-10-09,13122.484536082475,-0.1492018641604087
2020-10-10,13102.876288659794,-0.14942480876060094
2020-10-11,13083.268041237114,-0.1496484206269355
2020-10-12,13063.659793814433,-0.1498727027595681
2020-10-13,13044.051546391753,-0.1500976581766511
2020-10-14,13024.443298969072,-0.15032328991451127
2020-10-15,13004.835051546392,-0.1505496010277274
2020-10-16,12985.226804123711,-0.15077659458933024
2020-10-17,12965.61855670103,-0.1510042736908801
2020-10-18,12946.01030927835,-0.1512326414426779
2020-10-19,12926.40206185567,-0.15146170097383171
2020-10-20,12906.79381443299,-0.15169145543245666
2020-10-21,12887.185567010309,-0.15192190798580807
2020-10-22,12867.577319587628,-0.15215306182038146
2020-10-23,12847.969072164948,-0.15238492014213456
2020-10-24,12828.360824742267,-0.152617486176565
2020-10-25,12808.752577319588,-0.15285076316889912
2020-10-26,12789.144329896908,-0.1530847543842806
2020-10-27,12769.536082474227,-0.15331946310780387
2020-10-28,12749.927835051547,-0.1535548926447805
2020-10-29,12730.319587628866,-0.15379104632086138
2020-10-30,12710.711340206186,-0.15402792748215877
2020-10-31,12691.103092783505,-0.1542655394954684
2020-11-01,12671.494845360825,-0.15450388574835827
2020-11-02,12651.886597938144,-0.15474296964939072
2020-11-03,12632.278350515464,-0.1549827946282445
2020-11-04,12612.670103092783,-0.15522336413589244
2020-11-05,12593.061855670103,-0.15546468164479021
2020-11-06,12573.453608247422,-0.1557067506489873
2020-11-07,12553.845360824742,-0.1559495746643491
2020-11-08,12534.237113402061,-0.1561931572287012
2020-11-09,12514.62886597938,-0.156437501902007
2020-11-10,12495.0206185567,-0.15668261226655655
2020-11-11,12475.41237113402,-0.15692849192709968
2020-11-12,12455.80412371134,-0.15717514451105696
2020-11-13,12436.19587628866,-0.15742257366869739
2020-11-14,12416.58762886598,-0.15767078307334925
2020-11-15,12396.9793814433,-0.15791977642146682
2020-11-16,12377.37113402062,-0.15816955743293004
2020-11-17,12357.762886597939,-0.15842012985120002
2020-11-18,12338.154639175258,-0.15867149744348552
2020-11-19,12318.546391752578,-0.15892366400095392
2020-11-20,12298.938144329897,-0.15917663333888665
2020-11-21,12279.329896907217,-0.15943040929692343
2020-11-22,12259.721649484536,-0.15968499573921768
2020-11-23,12240.113402061856,-0.15994039655463643
2020-11-24,12220.505154639175,-0.1601966156569934
2020-11-25,12200.896907216495,-0.1604536569851711
2020-11-26,12181.288659793814,-0.16071152450344295
2020-11-27,12161.680412371134,-0.16097022220153967
2020-11-28,12142.072164948453,-0.16122975409496032
2020-11-29,12122.463917525773,-0.16149012422512765
2020-11-30,12102.855670103092,-0.16175133665964347
2020-12-01,12083.247422680412,-0.16201339549242189
2020-12-02,12063.639175257733,-0.16227630484395572
2020-12-03,12044.03092783505,-0.16254006886162742
2020-12-04,12024.422680412372,-0.1628046917196313
2020-12-05,12004.814432989691,-0.1630701776196064
2020-12-06,11985.20618556701,-0.16333653079048105
2020-12-07,11965.59793814433,-0.16360375548893913
2020-12-08,11945.98969072165,-0.16387185599954224
2020-12-09,11926.38144329897,-0.16414083663499612
2020-12-10,11906.773195876289,-0.16441070173633943
2020-12-11,11887.164948453608,-0.16468145567324344
2020-12-12,11867.556701030928,-0.16495310284418974
2020-12-13,11847.948453608247,-0.16522564767672554
2020-12-14,11828.340206185567,-0.16549909462771906
2020-12-15,11808.731958762886,-0.16577344818359263
2020-12-16,11789.123711340206,-0.166048712860567
2020-12-17,11769.515463917525,-0.1663248932049055
2020-12-18,11749.907216494845,-0.16660199379315843
2020-12-19,11730.298969072164,-0.16688001923244045
2020-12-20,11710.690721649484,-0.16715897416066383
2020-12-21,11691.082474226803,-0.167438863246816
2020-12-22,11671.474226804123,-0.16771969119119268
2020-12-23,11651.865979381444,-0.1680014627256532
2020-12-24,11632.257731958764,-0.16828418261399802
2020-12-25,11612.649484536083,-0.16856785565203536
2020-12-26,11593.041237113403,-0.16885248666802521
2020-12-27,11573.432989690722,-0.16913808052289037
2020-12-28,11553.824742268042,-0.1694246421104828
2020-12-29,11534.216494845361,-0.1697121763578946
2020-12-30,11514.60824742268,-0.17000068822571324
2020-12-31,11495.0,-0.1702901827082992
2021-01-01,11496.097826086956,0.009550466176211359
2021-01-02,11497.195652173914,0.009549554149290707
2021-01-03,11498.29347826087,0.009548642296519638
2021-01-04,11499.391304347826,0.009547730617875949
2021-01-05,11500.489130434782,0.009546819113293026
2021-01-06,11501.58695652174,0.009545907782770868
2021-01-07,11502.684782608696,0.00954499662617625
2021-01-08,11503.782608695652,0.00954408564350917
2021-01-09,11504.880434782608,0.009543174834747425
2021-01-10,11505.978260869566,0.009542264199802197
2021-01-11,11507.076086956522,0.009541353738606873
2021-01-12,11508.173913043478,0.009540443451139247
2021-01-13,11509.271739130434,0.00953953333735491
2021-01-14,11510.369565217392,0.009538623397209456
2021-01-15,11511.467391304348,0.009537713630614064
2021-01-16,11512.565217391304,0.009536804037568736
2021-01-17,11513.66304347826,0.009535894617984653
2021-01-18,11514.760869565218,0.00953498537183961
2021-01-19,11515.858695652174,0.009534076299044791
2021-01-20,11516.95652173913,0.00953316739957799
2021-01-21,11518.054347826086,0.009532258673417005
2021-01-22,11519.152173913044,0.009531350120473014
2021-01-23,11520.25,0.009530441740679407
2021-01-24,11521.347826086956,0.009529533534036183
2021-01-25,11522.445652173914,0.009528625500498933
2021-01-26,11523.54347826087,0.009527717639956634
2021-01-27,11524.641304347826,0.009526809952409288
2021-01-28,11525.739130434782,0.009525902437768075
2021-01-29,11526.83695652174,0.0095249950960552
2021-01-30,11527.934782608696,0.009524087927137437
2021-01-31,11529.032608695652,0.009523180931014785
2021-02-01,11530.130434782608,0.009522274107620632
2021-02-02,11531.228260869566,0.009521367456910568
2021-02-03,11532.326086956522,0.009520460978840184
2021-02-04,11533.423913043478,0.009519554673342867
2021-02-05,11534.521739130434,0.009518648540396413
2021-02-06,11535.619565217392,0.009517742579934207
2021-02-07,11536.717391304348,0.009516836791889638
2021-02-08,11537.815217391304,0.009515931176262704
2021-02-09,11538.91304347826,0.009515025732964588
2021-02-10,11540.010869565218,0.009514120461973086
2021-02-11,11541.108695652174,0.009513215363177174
2021-02-12,11542.20652173913,0.009512310436599059
2021-02-13,11543.304347826086,0.009511405682172125
2021-02-14,11544.402173913044,0.00951050109982976
2021-02-15,11545.5,0.009509596689527555
2021-02-16,11546.597826086956,0.009508692451221101
2021-02-17,11547.695652173914,0.009507788384888194
2021-02-18,11548.79347826087,0.00950688449041781
2021-02-19,11549.891304347826,0.009505980767787747
2021-02-20,11550.989130434782,0.009505077216975799
2021-02-21,11552.08695652174,0.009504173837937557
2021-02-22,11553.184782608696,0.009503270630562
2021-02-23,11554.282608695652,0.009502367594849126
2021-02-24,11555.380434782608,0.009501464730754527
2021-02-25,11556.478260869566,0.00950056203821159
2021-02-26,11557.576086956522,0.009499659517153702
2021-02-27,11558.673913043478,0.009498757167558658
2021-02-28,11559.771739130434,0.009497854989382049
2021-03-01,11560.869565217392,0.009496952982579465
2021-03-02,11561.967391304348,0.009496051147039886
2021-03-03,11563.065217391304,0.009495149482785514
2021-03-04,11564.16304347826,0.009494247989749738
2021-03-05,11565.260869565218,0.009493346667888147
2021-03-06,11566.358695652174,0.009492445517111925
2021-03-07,11567.45652173913,0.00949154453742107
2021-03-08,11568.554347826086,0.009490643728748971
2021-03-09,11569.652173913044,0.009489743091051217
2021-03-10,11570.75,0.009488842624261196
2021-03-11,11571.847826086956,0.009487942328334498
2021-03-12,11572.945652173914,0.009487042203248919
2021-03-13,11574.04347826087,0.009486142248915641
2021-03-14,11575.141304347826,0.009485242465334665
2021-03-15,11576.239130434782,0.009484342852417171
2021-03-16,11577.33695652174,0.009483443410140957
2021-03-17,11578.434782608696,0.009482544138417204
2021-03-18,11579.532608695652,0.009481645037245912
2021-03-19,11580.630434782608,0.009480746106560467
2021-03-20,11581.728260869566,0.009479847346316461
2021-03-21,11582.826086956522,0.009478948756425076
2021-03-22,11583.923913043478,0.009478050336886312
2021-03-23,11585.021739130434,0.009477152087633556
2021-03-24,11586.119565217392,0.009476254008644602
2021-03-25,11587.217391304348,0.009475356099830634
2021-03-26,11588.315217391304,0.009474458361169447
2021-03-27,11589.41304347826,0.009473560792594427
2021-03-28,11590.510869565218,0.00947266339408337
2021-03-29,11591.608695652174,0.009471766165525253
2021-03-30,11592.70652173913,0.009470869106964486
2021-03-31,11593.804347826086,0.009469972218290046
2021-04-01,11594.902173913044,0.009469075499479729
2021-04-02,11596.0,0.009468178950444717
2021-04-03,11611.747252747253,0.13579900609910212
2021-04-04,11627.494505494506,0.13561484249089428
2021-04-05,11643.241758241758,0.13543117771255275
2021-04-06,11658.989010989011,0.13524800974011875
2021-04-07,11674.736263736264,0.13506533656058028
2021-04-08,11690.483516483517,0.13488315617173896
2021-04-09,11706.23076923077,0.13470146658218773
2021-04-10,11721.978021978022,0.13452026581128873
2021-04-11,11737.725274725275,0.1343395518889956
2021-04-12,11753.472527472528,0.13415932285585352
2021-04-13,11769.21978021978,0.1339795767629104
2021-04-14,11784.967032967033,0.13380031167162798
2021-04-15,11800.714285714286,0.13362152565383756
2021-04-16,11816.461538461539,0.13344321679167326
2021-04-17,11832.208791208792,0.13326538317750547
2021-04-18,11847.956043956045,0.1330880229138076
2021-04-19,11863.703296703297,0.13291113411317834
2021-04-20,11879.45054945055,0.13273471489825273
2021-04-21,11895.197802197803,0.13255876340156902
2021-04-22,11910.945054945056,0.1323832777656131
2021-04-23,11926.692307692309,0.13220825614266296
2021-04-24,11942.439560439561,0.1320336966947444
2021-04-25,11958.186813186812,0.13185959759356436
2021-04-26,11973.934065934065,0.1316859570205775
2021-04-27,11989.681318681318,0.13151277316663101
2021-04-28,12005.42857142857,0.1313400442321644
2021-04-29,12021.175824175823,0.13116776842709843
2021-04-30,12036.923076923076,0.1309959439706576
2021-05-01,12052.670329670329,0.1308245690914367
2021-05-02,12068.417582417582,0.13065364202724528
2021-05-03,12084.164835164835,0.13048316102515223
2021-05-04,12099.912087912087,0.13031312434126363
2021-05-05,12115.65934065934,0.1301435302408782
2021-05-06,12131.406593406593,0.1299743769982653
2021-05-07,12147.153846153846,0.12980566289659823
2021-05-08,12162.901098901099,0.1296373862280431
2021-05-09,12178.648351648351,0.12946954529355903
2021-05-10,12194.395604395604,0.12930213840292026
2021-05-11,12210.142857142857,0.12913516387460522
2021-05-12,12225.89010989011,0.12896862003577425
2021-05-13,12241.637362637362,0.12880250522220305
2021-05-14,12257.384615384615,0.12863681777828262
2021-05-15,12273.131868131868,0.12847155605681948
2021-05-16,12288.87912087912,0.12830671841912444
2021-05-17,12304.626373626374,0.12814230323494602
2021-05-18,12320.373626373626,0.12797830888229278
2021-05-19,12336.12087912088,0.12781473374754437
2021-05-20,12351.868131868132,0.1276515762252739
2021-05-21,12367.615384615385,0.1274888347182479
2021-05-22,12383.362637362638,0.12732650763735975
2021-05-23,12399.10989010989,0.12716459340162967
2021-05-24,12414.857142857143,0.12700309043807145
2021-05-25,12430.604395604396,0.12684199718169253
2021-05-26,12446.351648351649,0.1266813120753829
2021-05-27,12462.098901098901,0.126521033570004
2021-05-28,12477.846153846154,0.12636116012418874
2021-05-29,12493.593406593407,0.1262016902043639
2021-05-30,12509.34065934066,0.12604262228466112
2021-05-31,12525.087912087913,0.12588395484691706
2021-06-01,12540.835164835165,0.12572568638065107
2021-06-02,12556.582417582418,0.12556781538288764
2021-06-03,12572.329670329671,0.12541034035824516
2021-06-04,12588.076923076924,0.12525325981878055
2021-06-05,12603.824175824177,0.125096572284078
2021-06-06,12619.57142857143,0.1249402762810492
2021-06-07,12635.31868131868,0.12478437034397771
2021-06-08,12651.065934065933,0.12462885301449678
2021-06-09,12666.813186813186,0.12447372284141167
2021-06-10,12682.560439560439,0.12431897838081074
2021-06-11,12698.307692307691,0.12416461819597657
2021-06-12,12714.054945054944,0.12401064085723057
2021-06-13,12729.802197802197,0.12385704494204397
2021-06-14,12745.54945054945,0.12370382903492683
2021-06-15,12761.296703296703,0.12355099172733919
2021-06-16,12777.043956043955,0.12339853161775771
2021-06-17,12792.791208791208,0.12324644731149803
2021-06-18,12808.538461538461,0.12309473742080357
2021-06-19,12824.285714285714,0.12294340056469011
2021-06-20,12840.032967032967,0.12279243536901241
2021-06-21,12855.78021978022,0.12264184046633098
2021-06-22,12871.527472527472,0.12249161449588986
2021-06-23,12887.274725274725,0.12234175610363884
2021-06-24,12903.021978021978,0.12219226394212246
2021-06-25,12918.76923076923,0.12204313667043554
2021-06-26,12934.516483516483,0.12189437295424543
2021-06-27,12950.263736263736,0.12174597146572541
2021-06-28,12966.010989010989,0.12159793088348803
2021-06-29,12981.758241758242,0.12145024989258513
2021-06-30,12997.505494505494,0.12130292718437463
2021-07-01,13013.252747252747,0.12115596145667595
2021-07-02,13029.0,0.12100935141352576
2021-07-03,13035.34065934066,0.048665740583775374
2021-07-04,13041.681318681318,0.048642068560855733
2021-07-05,13048.021978021978,0.048618419555901404
2021-07-06,13054.362637362638,0.048594793535294833
2021-07-07,13060.703296703297,0.0485711904655739
2021-07-08,13067.043956043955,0.04854761031327648
2021-07-09,13073.384615384615,0.04852405304511809
2021-07-10,13079.725274725275,0.04850051862772542
2021-07-11,13086.065934065935,0.04847700702790281
2021-07-12,13092.406593406593,0.04845351821247679
2021-07-13,13098.747252747253,0.04843005214834051
2021-07-14,13105.087912087913,0.04840660880245373
2021-07-15,13111.42857142857,0.04838318814184284
2021-07-16,13117.76923076923,0.04835979013360081
2021-07-17,13124.10989010989,0.04833641474486505
2021-07-18,13130.45054945055,0.048313061942883984
2021-07-19,13136.791208791208,0.04828973169488382
2021-07-20,13143.131868131868,0.04826642396824621
2021-07-21,13149.472527472528,0.048243138730375
2021-07-22,13155.813186813186,0.04821987594871846
2021-07-23,13162.153846153846,0.04819663559083587
2021-07-24,13168.494505494506,0.04817341762428651
2021-07-25,13174.835164835165,0.04815022201676289
2021-07-26,13181.175824175823,0.04812704873593532
2021-07-27,13187.516483516483,0.04810389774962953
2021-07-28,13193.857142857143,0.04808076902564906
2021-07-29,13200.197802197803,0.04805766253193067
2021-07-30,13206.538461538461,0.04803457823641111
2021-07-31,13212.87912087912,0.04801151610716037
2021-08-01,13219.21978021978,0.04798847611222623
2021-08-02,13225.560439560439,0.047965458219745294
2021-08-03,13231.901098901099,0.047942462397987384
2021-08-04,13238.241758241758,0.04791948861517792
2021-08-05,13244.582417582418,0.047896536839653336
2021-08-06,13250.923076923076,0.04787360703981669
2021-08-07,13257.263736263736,0.047850699184137646
2021-08-08,13263.604395604396,0.04782781324108587
2021-08-09,13269.945054945056,0.04780494917928646
2021-08-10,13276.285714285714,0.047782106967320104
2021-08-11,13282.626373626374,0.04775928657392292
2021-08-12,13288.967032967033,0.047736487967853236
2021-08-13,13295.307692307691,0.04771371111786937
2021-08-14,13301.648351648351,0.04769095599290729
2021-08-15,13307.989010989011,0.04766822256185854
2021-08-16,13314.329670329671,0.0476455107937257
2021-08-17,13320.670329670329,0.04762282065755574
2021-08-18,13327.010989010989,0.04760015212250668
2021-08-19,13333.351648351649,0.0475775051576699
2021-08-20,13339.692307692309,0.047554879732314426
2021-08-21,13346.032967032967,0.04753227581570929
2021-08-22,13352.373626373626,0.047509693377212336
2021-08-23,13358.714285714286,0.04748713238622582
2021-08-24,13365.054945054944,0.04746459281219639
2021-08-25,13371.395604395604,0.04744207462465955
2021-08-26,13377.736263736264,0.04741957779317296
2021-08-27,13384.076923076924,0.04739710228738314
2021-08-28,13390.417582417582,0.04737464807695879
2021-08-29,13396.758241758242,0.04735221513170185
2021-08-30,13403.098901098901,0.04732980342136983
2021-08-31,13409.439560439561,0.04730741291583129
2021-09-01,13415.78021978022,0.04728504358499919
2021-09-02,13422.12087912088,0.04726269539889749
2021-09-03,13428.461538461539,0.04724036832750578
2021-09-04,13434.802197802197,0.04721806234093684
2021-09-05,13441.142857142857,0.04719577740934788
2021-09-06,13447.483516483517,0.04717351350291832
2021-09-07,13453.824175824177,0.04715127059191637
2021-09-08,13460.164835164835,0.047129048646632477
2021-09-09,13466.505494505494,0.047106847637512494
2021-09-10,13472.846153846154,0.04708466753491347
2021-09-11,13479.186813186812,0.047062508309347884
2021-09-12,13485.527472527472,0.04704036993135041
2021-09-13,13491.868131868132,0.04701825237150015
2021-09-14,13498.208791208792,0.04699615560044279
2021-09-15,13504.54945054945,0.04697407958889066
2021-09-16,13510.89010989011,0.04695202430764489
2021-09-17,13517.23076923077,0.04692998972746221
2021-09-18,13523.57142857143,0.04690797581923256
2021-09-19,13529.912087912087,0.046885982553845906
2021-09-20,13536.252747252747,0.04686400990236983
2021-09-21,13542.593406593407,0.04684205783573869
2021-09-22,13548.934065934065,0.04682012632506449
2021-09-23,13555.274725274725,0.046798215341548044
2021-09-24,13561.615384615385,0.04677632485630134
2021-09-25,13567.956043956045,0.04675445484063623
2021-09-26,13574.296703296703,0.04673260526579792
2021-09-27,13580.637362637362,0.04671077610318708
2021-09-28,13586.978021978022,0.046688967324204356
2021-09-29,13593.318681318682,0.046667178900294815
2021-09-30,13599.65934065934,0.04664541080297013
2021-10-01,13606.0,0.04662366300385301
2021-10-02,13620.65934065934,0.107741736434952
2021-10-03,13635.318681318682,0.10762577855230049
2021-10-04,13649.978021978022,0.10751007000242563
2021-10-05,13664.637362637362,0.10739460998205885
2021-10-06,13679.296703296703,0.10727939769132888
2021-10-07,13693.956043956045,0.10716443233378392
2021-10-08,13708.615384615385,0.10704971311639166
2021-10-09,13723.274725274725,0.1069352392495615
2021-10-10,13737.934065934065,0.10682100994701127
2021-10-11,13752.593406593407,0.10670702442583391
2021-10-12,13767.252747252747,0.10659328190647521
2021-10-13,13781.912087912087,0.10647978161266725
2021-10-14,13796.57142857143,0.10636652277153935
2021-10-15,13811.23076923077,0.1062535046133517
2021-10-16,13825.89010989011,0.10614072637173955
2021-10-17,13840.54945054945,0.1060281872836022
2021-10-18,13855.208791208792,0.10591588658903639
2021-10-19,13869.868131868132,0.10580382353126971
2021-10-20,13884.527472527472,0.10569199735690482
2021-10-21,13899.186813186814,0.10558040731560858
2021-10-22,13913.846153846154,0.1054690526602009
2021-10-23,13928.505494505494,0.10535793264674354
2021-10-24,13943.164835164835,0.10524704653434025
2021-10-25,13957.824175824177,0.10513639358527005
2021-10-26,13972.483516483517,0.10502597306485395
2021-10-27,13987.142857142857,0.1049157842415438
2021-10-28,14001.802197802197,0.10480582638685565
2021-10-29,14016.461538461539,0.10469609877536978
2021-10-30,14031.12087912088,0.10458660068459746
2021-10-31,14045.78021978022,0.10447733139520299
2021-11-01,14060.439560439561,0.10436829019080385
2021-11-02,14075.098901098901,0.10425947635794852
2021-11-03,14089.758241758242,0.10415088918627191
2021-11-04,14104.417582417582,0.10404252796825109
2021-11-05,14119.076923076924,0.10393439199940513
2021-11-06,14133.736263736264,0.10382648057807309
2021-11-07,14148.395604395604,0.10371879300559161
2021-11-08,14163.054945054944,0.10361132858616173
2021-11-09,14177.714285714286,0.10350408662687105
2021-11-10,14192.373626373626,0.10339706643764934
2021-11-11,14207.032967032967,0.10329026733131297
2021-11-12,14221.692307692309,0.10318368862349825
2021-11-13,14236.351648351649,0.10307732963263927
2021-11-14,14251.010989010989,0.10297118968003449
2021-11-15,14265.670329670329,0.10286526808971352
2021-11-16,14280.329670329671,0.10275956418852594
2021-11-17,14294.989010989011,0.10265407730605247
2021-11-18,14309.648351648351,0.1025488067746716
2021-11-19,14324.307692307691,0.10244375192944855
2021-11-20,14338.967032967033,0.1023389121082241
2021-11-21,14353.626373626374,0.10223428665145917
2021-11-22,14368.285714285714,0.10212987490239023
2021-11-23,14382.945054945056,0.10202567620691827
2021-11-24,14397.604395604396,0.10192168991356443
2021-11-25,14412.263736263736,0.10181791537358098
2021-11-26,14426.923076923076,0.10171435194079592
2021-11-27,14441.582417582418,0.10161099897170178
2021-11-28,14456.241758241758,0.10150785582536681
2021-11-29,14470.901098901099,0.10140492186347938
2021-11-30,14485.560439560439,0.10130219645032579
2021-12-01,14500.21978021978,0.10119967895274584
2021-12-02,14514.87912087912,0.10109736874015507
2021-12-03,14529.538461538461,0.1009952651845003
2021-12-04,14544.197802197803,0.1008933676602819
2021-12-05,14558.857142857143,0.10079167554448709
2021-12-06,14573.516483516483,0.10069018821667886
2021-12-07,14588.175824175823,0.10058890505884044
2021-12-08,14602.835164835165,0.1004878254555086
2021-12-09,14617.494505494506,0.1003869487936182
2021-12-10,14632.153846153846,0.10028627446263538
2021-12-11,14646.813186813186,0.10018580185440218
2021-12-12,14661.472527472528,0.10008553036329193
2021-12-13,14676.131868131868,0.09998545938596504
2021-12-14,14690.791208791208,0.0998855883216132
2021-12-15,14705.45054945055,0.09978591657180402
2021-12-16,14720.10989010989,0.09968644354041434
2021-12-17,14734.76923076923,0.09958716863376349
2021-12-18,14749.42857142857,0.0994880912605467
2021-12-19,14764.087912087913,0.09938921083179064
2021-12-20,14778.747252747253,0.09929052676080907
2021-12-21,14793.406593406593,0.09919203846331381
2021-12-22,14808.065934065933,0.09909374535730375
2021-12-23,14822.725274725275,0.09899564686308704
2021-12-24,14837.384615384615,0.09889774240325888
2021-12-25,14852.043956043955,0.09880003140270155
2021-12-26,14866.703296703297,0.09870251328858437
2021-12-27,14881.362637362638,0.09860518749029712
2021-12-28,14896.021978021978,0.09850805343951663
2021-12-29,14910.681318681318,0.09841111057011798
2021-12-30,14925.34065934066,0.0983143583182633
2021-12-31,14940.0,0.09821779612222414
2022-01-01,14930.0,-0.0669344042838027
2022-01-02,14920.0,-0.06697923643670389
2022-01-03,14910.0,-0.06702412868632157
2022-01-04,14900.0,-0.06706908115359234
2022-01-05,14890.0,-0.06711409395973034
2022-01-06,14880.0,-0.0671591672263272
2022-01-07,14870.0,-0.06720430107527431
2022-01-08,14860.0,-0.06724949562878502
2022-01-09,14850.0,-0.06729475100941684
2022-01-10,14840.0,-0.06734006734007147
2022-01-11,14830.0,-0.06738544474393926
2022-01-12,14820.0,-0.06743088334457692
2022-01-13,14810.0,-0.06747638326585204
2022-01-14,14800.0,-0.06752194463200967
2022-01-15,14790.0,-0.06756756756757243
2022-01-16,14780.0,-0.06761325219742931
2022-01-17,14770.0,-0.06765899864682456
2022-01-18,14760.0,-0.06770480704130222
2022-01-19,14750.0,-0.06775067750677266
2022-01-20,14740.0,-0.06779661016949046
2022-01-21,14730.0,-0.06784260515604323
2022-01-22,14720.0,-0.06788866259335169
2022-01-23,14710.0,-0.06793478260869179
2022-01-24,14700.0,-0.06798096532970588
2022-01-25,14690.0,-0.06802721088435826
2022-01-26,14680.0,-0.0680735194009574
2022-01-27,14670.0,-0.06811989100817817
2022-01-28,14660.0,-0.06816632583503957
2022-01-29,14650.0,-0.06821282401091588
2022-01-30,14640.0,-0.06825938566552558
2022-01-31,14630.0,-0.0683060109289646
2022-02-01,14620.0,-0.06835269993165083
2022-02-02,14610.0,-0.06839945280437965
2022-02-03,14600.0,-0.0684462696783017
2022-02-04,14590.0,-0.068493150684934
2022-02-05,14580.0,-0.06854009595613775
2022-02-06,14570.0,-0.0685871056241405
2022-02-07,14560.0,-0.06863417982154729
2022-02-08,14550.0,-0.06868131868131844
2022-02-09,14540.0,-0.06872852233676952
2022-02-10,14530.0,-0.06877579092159358
2022-02-11,14520.0,-0.06882312456985007
2022-02-12,14510.0,-0.06887052341597588
2022-02-13,14500.0,-0.0689179875947632
2022-02-14,14490.0,-0.06896551724138167
2022-02-15,14480.0,-0.06901311249137843
2022-02-16,14470.0,-0.06906077348066697
2022-02-17,14460.0,-0.06910850034553828
2022-02-18,14450.0,-0.06915629322268302
2022-02-19,14440.0,-0.06920415224913601
2022-02-20,14430.0,-0.06925207756233176
2022-02-21,14420.0,-0.06930006930007115
2022-02-22,14410.0,-0.06934812760055475
2022-02-23,14400.0,-0.0693962526023606
2022-02-24,14390.0,-0.0694444444444442
2022-02-25,14380.0,-0.06949270326616075
2022-02-26,14370.0,-0.06954102920723182
2022-02-27,14360.0,-0.06958942240778976
2022-02-28,14350.0,-0.0696378830083555
2022-03-01,14340.0,-0.06968641114982743
2022-03-02,14330.0,-0.06973500697350365
2022-03-03,14320.0,-0.06978367062107083
2022-03-04,14310.0,-0.06983240223463749
2022-03-05,14300.0,-0.06988120195667857
2022-03-06,14290.0,-0.06993006993006867
2022-03-07,14280.0,-0.06997900629811538
2022-03-08,14270.0,-0.07002801120448154
2022-03-09,14260.0,-0.07007708479327412
2022-03-10,14250.0,-0.07012622720897754
2022-03-11,14240.0,-0.070175438596487
2022-03-12,14230.0,-0.0702247191011196
2022-03-13,14220.0,-0.07027406886859211
2022-03-14,14210.0,-0.07032348804500987
2022-03-15,14200.0,-0.07037297677692234
2022-03-16,14190.0,-0.07042253521126751
2022-03-17,14180.0,-0.0704721634954164
2022-03-18,14170.0,-0.07052186177715081
2022-03-19,14160.0,-0.07057163020465218
2022-03-20,14150.0,-0.07062146892655718
2022-03-21,14140.0,-0.07067137809186885
2022-03-22,14130.0,-0.07072135785006761
2022-03-23,14120.0,-0.07077140835102247
2022-03-24,14110.0,-0.07082152974504652
2022-03-25,14100.0,-0.07087172218285254
2022-03-26,14090.0,-0.07092198581559739
2022-03-27,14080.0,-0.07097232079489313
2022-03-28,14070.0,-0.07102272727272929
2022-03-29,14060.0,-0.0710732054015617
2022-03-30,14050.0,-0.07112375533427917
2022-03-31,14040.0,-0.0711743772242035
2022-04-01,14030.0,-0.07122507122506727
2022-04-02,14042.42857142857,0.08858568373892872
2022-04-03,14054.857142857143,0.08850727896070332
2022-04-04,14067.285714285714,0.08842901284760174
2022-04-05,14079.714285714286,0.08835088503214017
2022-04-06,14092.142857142857,0.08827289514803383
2022-04-07,14104.57142857143,0.0881950428303524
2022-04-08,14117.0,0.08811732771543124
2022-04-09,14129.42857142857,0.08803974944089354
2022-04-10,14141.857142857143,0.08796230764565038
2022-04-11,14154.285714285714,0.08788500196983406
2022-04-12,14166.714285714286,0.08780783205490916
2022-04-13,14179.142857142857,0.0877307975435393
2022-04-14,14191.57142857143,0.08765389807967594
2022-04-15,14204.0,0.08757713330849182
2022-04-16,14216.42857142857,0.0875005028764475
2022-04-17,14228.857142857143,0.08742400643120263
2022-04-18,14241.285714285714,0.08734764362161584
2022-04-19,14253.714285714286,0.08727141409785588
2022-04-20,14266.142857142857,0.08719531751122389
2022-04-21,14278.57142857143,0.08711935351433109
2022-04-22,14291.0,0.08704352176087671
2022-04-23,14303.42857142857,0.08696782190589225
2022-04-24,14315.857142857143,0.08689225360554165
2022-04-25,14328.285714285714,0.08681681651714346
2022-04-26,14340.714285714286,0.08674151029932631
2022-04-27,14353.142857142857,0.08666633461174023
2022-04-28,14365.57142857143,0.08659128911538971
2022-04-29,14378.0,0.08651637347227847
2022-04-30,14390.42857142857,0.08644158734574248
2022-05-01,14402.857142857143,0.0863669304001835
2022-05-02,14415.285714285714,0.08629240230113577
2022-05-03,14427.714285714286,0.08621800271537694
2022-05-04,14440.142857142857,0.08614373131077269
2022-05-05,14452.57142857143,0.08606958775636553
2022-05-06,14465.0,0.085995571722286
2022-05-07,14477.42857142857,0.08592168287984148
2022-05-08,14489.857142857143,0.08584792090151616
2022-05-09,14502.285714285714,0.08577428546077126
2022-05-10,14514.714285714286,0.08570077623233363
2022-05-11,14527.142857142857,0.08562739289192933
2022-05-12,14539.57142857143,0.08555413511652787
2022-05-13,14552.0,0.08548100258407576
2022-05-14,14564.42857142857,0.08540799497367413
2022-05-15,14576.857142857143,0.08533511196555654
2022-05-16,14589.285714285714,0.08526235324093356
2022-05-17,14601.714285714286,0.0851897184822592
2022-05-18,14614.142857142857,0.08511720737289785
2022-05-19,14626.57142857143,0.08504481959745736
2022-05-20,14639.0,0.08497255484147814
2022-05-21,14651.42857142857,0.08490041279165528
2022-05-22,14663.857142857143,0.08482839313572743
2022-05-23,14676.285714285714,0.08475649556245468
2022-05-24,14688.714285714286,0.08468471976172953
2022-05-25,14701.142857142857,0.08461306542437708
2022-05-26,14713.57142857143,0.08454153224239924
2022-05-27,14726.0,0.08447011990873055
2022-05-28,14738.42857142857,0.08439882811741573
2022-05-29,14750.857142857143,0.08432765656349872
2022-05-30,14763.285714285714,0.08425660494304488
2022-05-31,14775.714285714286,0.08418567295318535
2022-06-01,14788.142857142857,0.0841148602919839
2022-06-02,14800.57142857143,0.08404416665861447
2022-06-03,14813.0,0.08397359175320585
2022-06-04,14825.42857142857,0.08390313527693039
2022-06-05,14837.857142857143,0.08383279693191525
2022-06-06,14850.285714285714,0.08376257642130902
2022-06-07,14862.714285714286,0.08369247344928166
2022-06-08,14875.142857142857,0.08362248772093572
2022-06-09,14887.57142857143,0.0835526189424396
2022-06-10,14900.0,0.08348286682082762
2022-06-11,14912.42857142857,0.08341323106422216
2022-06-12,14924.857142857143,0.08334371138170038
2022-06-13,14937.285714285714,0.08327430748320541
2022-06-14,14949.714285714286,0.0832050190797684
2022-06-15,14962.142857142857,0.0831358458833309
2022-06-16,14974.57142857143,0.08306678760683361
2022-06-17,14987.0,0.08299784396403886
2022-06-18,14999.42857142857,0.08292901466984137
2022-06-19,15011.857142857143,0.08286029943997963
2022-06-20,15024.285714285714,0.08279169799110253
2022-06-21,15036.714285714286,0.08272321004090255
2022-06-22,15049.142857142857,0.08265483530784934
2022-06-23,15061.57142857143,0.08258657351154497
2022-06-24,15074.0,0.08251842437232426
2022-06-25,15086.428571428572,0.08245038761161005
2022-06-26,15098.857142857143,0.08238246295155793
2022-06-27,15111.285714285714,0.08231465011543371
2022-06-28,15123.714285714286,0.08224694882728034
2022-06-29,15136.142857142857,0.08217935881207339
2022-06-30,15148.57142857143,0.0821118797957654
2022-07-01,15161.0,0.08204451150508607
2022-07-02,15165.78021978022,0.03152971294915208
2022-07-03,15170.560439560439,0.031519774854604776
2022-07-04,15175.34065934066,0.0315098430230476
2022-07-05,15180.12087912088,0.03149991744848535
2022-07-06,15184.901098901099,0.031489998125078245
2022-07-07,15189.681318681318,0.031480085046875494
2022-07-08,15194.461538461539,0.031470178208037325
2022-07-09,15199.241758241758,0.031460277602590736
2022-07-10,15204.021978021978,0.03145038322471816
2022-07-11,15208.802197802197,0.03144049506853541
2022-07-12,15213.582417582418,0.03143061312818052
2022-07-13,15218.362637362638,0.03142073739774709
2022-07-14,15223.142857142857,0.03141086787143976
2022-07-15,15227.923076923076,0.03140100454339656
2022-07-16,15232.703296703297,0.03139114740777771
2022-07-17,15237.483516483517,0.031381296458743435
2022-07-18,15242.263736263736,0.03137145169047617
2022-07-19,15247.043956043955,0.03136161309718055
2022-07-20,15251.824175824177,0.03135178067303901
2022-07-21,15256.604395604396,0.031341954412233974
2022-07-22,15261.384615384615,0.03133213430897008
2022-07-23,15266.164835164835,0.03132232035749638
2022-07-24,15270.945054945056,0.0313125125520175
2022-07-25,15275.725274725275,0.03130271088671588
2022-07-26,15280.505494505494,0.03129291535590717
2022-07-27,15285.285714285714,0.031283125953773805
2022-07-28,15290.065934065935,0.03127334267460924
2022-07-29,15294.846153846154,0.03126356551261811
2022-07-30,15299.626373626374,0.03125379446211607
2022-07-31,15304.406593406593,0.031244029517352168
2022-08-01,15309.186813186814,0.031234270672597653
2022-08-02,15313.967032967033,0.031224517922145978
2022-08-03,15318.747252747253,0.0312147712603128
2022-08-04,15323.527472527472,0.031205030681347168
2022-08-05,15328.307692307691,0.031195296179609144
2022-08-06,15333.087912087913,0.031185567749392185
2022-08-07,15337.868131868132,0.031175845385011947
2022-08-08,15342.648351648351,0.03116612908078409
2022-08-09,15347.42857142857,0.031156418831090882
2022-08-10,15352.208791208792,0.03114671463022578
2022-08-11,15356.989010989011,0.03113701647254885
2022-08-12,15361.76923076923,0.031127324352442365
2022-08-13,15366.54945054945,0.031117638264244185
2022-08-14,15371.329670329671,0.031107958202358788
2022-08-15,15376.10989010989,0.03109828416110183
2022-08-16,15380.89010989011,0.031088616134922198
2022-08-17,15385.670329670329,0.031078954118179958
2022-08-18,15390.45054945055,0.031069298105279586
2022-08-19,15395.23076923077,0.031059648090603353
2022-08-20,15400.010989010989,0.03105000406862235
2022-08-21,15404.791208791208,0.031040366033696642
2022-08-22,15409.57142857143,0.03103073398029732
2022-08-23,15414.351648351649,0.03102110790282886
2022-08-24,15419.131868131868,0.031011487795740145
2022-08-25,15423.912087912087,0.031001873653457857
2022-08-26,15428.692307692309,0.030992265470497493
2022-08-27,15433.472527472528,0.030982663241241326
2022-08-28,15438.252747252747,0.030973066960204854
2022-08-29,15443.032967032967,0.030963476621859165
2022-08-30,15447.813186813186,0.03095389222067535
2022-08-31,15452.593406593407,0.030944313751168906
2022-09-01,15457.373626373626,0.030934741207766514
2022-09-02,15462.153846153846,0.030925174585050286
2022-09-03,15466.934065934065,0.03091561387749131
2022-09-04,15471.714285714286,0.030906059079605086
2022-09-05,15476.494505494506,0.03089651018590711
2022-09-06,15481.274725274725,0.03088696719093509
2022-09-07,15486.054945054944,0.03087743008922672
2022-09-08,15490.835164835165,0.030867898875341915
2022-09-09,15495.615384615385,0.03085837354379617
2022-09-10,15500.395604395604,0.030848854089171596
2022-09-11,15505.175824175823,0.0308393405060281
2022-09-12,15509.956043956045,0.030829832788925593
2022-09-13,15514.736263736264,0.030820330932423978
2022-09-14,15519.516483516483,0.030810834931127573
2022-09-15,15524.296703296703,0.03080134477961849
2022-09-16,15529.076923076924,0.030791860472523247
2022-09-17,15533.857142857143,0.030782382004401754
2022-09-18,15538.637362637362,0.03077290936988053
2022-09-19,15543.417582417582,0.030763442563586096
2022-09-20,15548.197802197803,0.030753981580144973
2022-09-21,15552.978021978022,0.030744526414139273
2022-09-22,15557.758241758242,0.030735077060262128
2022-09-23,15562.538461538461,0.030725633513117856
2022-09-24,15567.318681318682,0.030716195767377386
2022-09-25,15572.098901098901,0.030706763817689442
2022-09-26,15576.87912087912,0.030697337658724955
2022-09-27,15581.65934065934,0.03068791728513265
2022-09-28,15586.439560439561,0.030678502691605658
2022-09-29,15591.21978021978,0.030669093872814912
2022-09-30,15596.0,0.030659690823453545
2022-10-01,15605.119565217392,0.058473744661391436
2022-10-02,15614.239130434782,0.05843957285478485
2022-10-03,15623.358695652174,0.058405440964559574
2022-10-04,15632.478260869566,0.05837134892083817
2022-10-05,15641.597826086956,0.05833729665383203
2022-10-06,15650.717391304348,0.058303284094041175
2022-10-07,15659.83695652174,0.05826931117201006
2022-10-08,15668.95652173913,0.05823537781848298
2022-10-09,15678.076086956522,0.05820148396442626
2022-10-10,15687.195652173914,0.05816762954085064
2022-10-11,15696.315217391304,0.05813381447898891
2022-10-12,15705.434782608696,0.058100038710273694
2022-10-13,15714.554347826086,0.058066302166226436
2022-10-14,15723.673913043478,0.058032604778590624
2022-10-15,15732.79347826087,0.05799894647922077
2022-10-16,15741.91304347826,0.05796532720010461
2022-10-17,15751.032608695652,0.05793174687347413
2022-10-18,15760.152173913044,0.057898205431672345
2022-10-19,15769.271739130434,0.05786470280715328
2022-10-20,15778.391304347826,0.05783123893263742
2022-10-21,15787.510869565218,0.057797813740867454
2022-10-22,15796.630434782608,0.05776442716483032
2022-10-23,15805.75,0.0577310791376906
2022-10-24,15814.869565217392,0.057697769592657266
2022-10-25,15823.989130434782,0.057664498463183556
2022-10-26,15833.108695652174,0.05763126568287813
2022-10-27,15842.228260869566,0.057598071185460675
2022-10-28,15851.347826086956,0.057564914904784104
2022-10-29,15860.467391304348,0.05753179677492337
2022-10-30,15869.58695652174,0.05749871673006446
2022-10-31,15878.70652173913,0.057465674704548775
2022-11-01,15887.826086956522,0.05743267063287316
2022-11-02,15896.945652173914,0.05739970444966769
2022-11-03,15906.065217391304,0.05736677608974006
2022-11-04,15915.184782608696,0.0573338854880312
2022-11-05,15924.304347826088,0.05730103257963748
2022-11-06,15933.423913043478,0.05726821729976628
2022-11-07,15942.54347826087,0.05723543958386923
2022-11-08,15951.66304347826,0.05720269936742017
2022-11-09,15960.782608695652,0.0571699965861594
2022-11-10,15969.902173913044,0.05713733117587161
2022-11-11,15979.021739130434,0.05710470307254134
2022-11-12,15988.141304347826,0.05707211221235298
2022-11-13,15997.260869565218,0.0570395585314909
2022-11-14,16006.380434782608,0.057007041966405936
2022-11-15,16015.5,0.05697456245370436
2022-11-16,16024.619565217392,0.056942119930014634
2022-11-17,16033.739130434782,0.05690971433220948
2022-11-18,16042.858695652174,0.05687734559733926
2022-11-19,16051.978260869566,0.05684501366245431
2022-11-20,16061.097826086956,0.05681271846487146
2022-11-21,16070.217391304348,0.05678045994204073
2022-11-22,16079.33695652174,0.05674823803147877
2022-11-23,16088.45652173913,0.05671605267087987
2022-11-24,16097.576086956522,0.05668390379816035
2022-11-25,16106.695652173914,0.05665179135125875
2022-11-26,16115.815217391304,0.05661971526829124
2022-11-27,16124.934782608696,0.056587675487551614
2022-11-28,16134.054347826088,0.05655567194744471
2022-11-29,16143.173913043478,0.05652370458648637
2022-11-30,16152.29347826087,0.05649177334343669
2022-12-01,16161.41304347826,0.05645987815701137
2022-12-02,16170.532608695652,0.05642801896628136
2022-12-03,16179.652173913044,0.05639619571027321
2022-12-04,16188.771739130434,0.05636440832821332
2022-12-05,16197.891304347826,0.056332656759550126
2022-12-06,16207.010869565218,0.05630094094373206
2022-12-07,16216.130434782608,0.0562692608204296
2022-12-08,16225.25,0.056237616329424256
2022-12-09,16234.369565217392,0.056206007410630754
2022-12-10,16243.489130434782,0.05617443400407485
2022-12-11,16252.608695652174,0.05614289604998213
2022-12-12,16261.728260869566,0.056111393488667005
2022-12-13,16270.847826086956,0.05607992626057712
2022-12-14,16279.967391304348,0.05604849430631553
2022-12-15,16289.08695652174,0.05601709756657414
2022-12-16,16298.20652173913,0.055985735982200246
2022-12-17,16307.326086956522,0.05595440949424102
2022-12-18,16316.445652173914,0.05592311804376582
2022-12-19,16325.565217391304,0.055891861572043844
2022-12-20,16334.684782608696,0.05586064002045532
2022-12-21,16343.804347826088,0.0558294533305137
2022-12-22,16352.923913043478,0.05579830144382125
2022-12-23,16362.04347826087,0.0557671843022467
2022-12-24,16371.16304347826,0.055736101847592145
2022-12-25,16380.282608695652,0.055705054021948364
2022-12-26,16389.402173913044,0.05567404076747273
2022-12-27,16398.521739130436,0.055643062026433654
2022-12-28,16407.641304347828,0.05561211774125496
2022-12-29,16416.760869565216,0.05558120785449372
2022-12-30,16425.880434782608,0.05555033230884021
2022-12-31,16435.0,0.055519491047073544
2023-01-01,16442.28888888889,0.04434979549063911
2023-01-02,16449.577777777777,0.04433013516635942
2023-01-03,16456.866666666665,0.04431049226525374
2023-01-04,16464.155555555557,0.04429086676418503
2023-01-05,16471.444444444445,0.04427125863997183
2023-01-06,16478.733333333334,0.04425166786963253
2023-01-07,16486.022222222222,0.044232094430118885
2023-01-08,16493.31111111111,0.044212538298427084
2023-01-09,16500.6,0.04419299945161992
2023-01-10,16507.88888888889,0.044173477866826794
2023-01-11,16515.17777777778,0.04415397352106609
2023-01-12,16522.466666666667,0.044134486391644856
2023-01-13,16529.755555555555,0.044115016455714695
2023-01-14,16537.044444444444,0.04409556369051604
2023-01-15,16544.333333333332,0.044076128073400334
2023-01-16,16551.62222222222,0.04405670958165242
2023-01-17,16558.911111111112,0.044037308192712565
2023-01-18,16566.2,0.04401792388388781
2023-01-19,16573.48888888889,0.04399855663270724
2023-01-20,16580.777777777777,0.04397920641667774
2023-01-21,16588.066666666666,0.043959873213283984
2023-01-22,16595.355555555554,0.043940557000143876
2023-01-23,16602.644444444446,0.04392125775487532
2023-01-24,16609.933333333334,0.04390197545505181
2023-01-25,16617.222222222223,0.043882710078446685
2023-01-26,16624.51111111111,0.04386346160274446
2023-01-27,16631.8,0.043844230005762874
2023-01-28,16639.088888888888,0.04382501526527527
2023-01-29,16646.37777777778,0.043805817359143795
2023-01-30,16653.666666666668,0.0437866362652084
2023-01-31,16660.955555555556,0.043767471961464466
2023-02-01,16668.244444444445,0.04374832442584076
2023-02-02,16675.533333333333,0.04372919363633265
2023-02-03,16682.82222222222,0.04371007957100215
2023-02-04,16690.11111111111,0.04369098220791123
2023-02-05,16697.4,0.04367190152521072
2023-02-06,16704.68888888889,0.04365283750098481
2023-02-07,16711.977777777778,0.04363379011349533
2023-02-08,16719.266666666666,0.0436147593409375
2023-02-09,16726.555555555555,0.04359574516159537
2023-02-10,16733.844444444443,0.04357674755379737
2023-02-11,16741.133333333335,0.04355776649587195
2023-02-12,16748.422222222223,0.04353880196614757
2023-02-13,16755.71111111111,0.04351985394313029
2023-02-14,16763.0,0.04350092240521519
2023-02-15,16770.28888888889,0.043482007330952754
2023-02-16,16777.577777777777,0.04346310869884906
2023-02-17,16784.866666666665,0.04344422648745461
2023-02-18,16792.155555555557,0.0434253606754309
2023-02-19,16799.444444444445,0.04340651124135064
2023-02-20,16806.733333333334,0.04338767816396416
2023-02-21,16814.022222222222,0.04336886142193297
2023-02-22,16821.31111111111,0.04335006099405181
2023-02-23,16828.6,0.04333127685911542
2023-02-24,16835.88888888889,0.043312508995940746
2023-02-25,16843.17777777778,0.04329375738336694
2023-02-26,16850.466666666667,0.04327502200032196
2023-02-27,16857.755555555555,0.04325630282577819
2023-02-28,16865.044444444444,0.043237599838641394
2023-03-01,16872.333333333332,0.04321891301797276
2023-03-02,16879.62222222222,0.04320024234281128
2023-03-03,16886.911111111112,0.043181587792262555
2023-03-04,16894.2,0.04316294934538778
2023-03-05,16901.48888888889,0.043144326981381376
2023-03-06,16908.777777777777,0.04312572067943776
2023-03-07,16916.066666666666,0.043107130418773565
2023-03-08,16923.355555555554,0.04308855617867202
2023-03-09,16930.644444444446,0.043069997938438576
2023-03-10,16937.933333333334,0.04305145567733426
2023-03-11,16945.222222222223,0.04303292937481995
2023-03-12,16952.51111111111,0.0430144190102677
2023-03-13,16959.8,0.042995924563116183
2023-03-14,16967.088888888888,0.042977446012848475
2023-03-15,16974.37777777778,0.04295898333901427
2023-03-16,16981.666666666668,0.04294053652105223
2023-03-17,16988.955555555556,0.04292210553864528
2023-03-18,16996.244444444445,0.042903690371387526
2023-03-19,17003.533333333333,0.04288529099891747
2023-03-20,17010.82222222222,0.042866907400940235
2023-03-21,17018.11111111111,0.04284853955716095
2023-03-22,17025.4,0.04283018744737355
2023-03-23,17032.68888888889,0.04281185105130536
2023-03-24,17039.977777777778,0.04279353034883915
2023-03-25,17047.266666666666,0.042775225319791055
2023-03-26,17054.555555555555,0.04275693594411045
2023-03-27,17061.844444444443,0.0427386622016801
2023-03-28,17069.133333333335,0.04272040407251598
2023-03-29,17076.422222222223,0.04270216153654527
2023-03-30,17083.71111111111,0.04268393457385056
2023-03-31,17091.0,0.04266572316449224
2023-04-01,17099.153846153848,0.04770842053622992
2023-04-02,17107.30769230769,0.04768567045601024
2023-04-03,17115.46153846154,0.04766294206255406
2023-04-04,17123.615384615383,0.047640235324775126
2023-04-05,17131.76923076923,0.047617550211809245
2023-04-06,17139.923076923078,0.047594886692747806
2023-04-07,17148.076923076922,0.047572244736748814
2023-04-08,17156.23076923077,0.047549624313125705
2023-04-09,17164.384615384617,0.047527025391103095
2023-04-10,17172.53846153846,0.04750444794003883
2023-04-11,17180.69230769231,0.04748189192942398
2023-04-12,17188.846153846152,0.0474593573286608
2023-04-13,17197.0,0.04743684410732918
2023-04-14,17205.153846153848,0.047414352234964596
2023-04-15,17213.30769230769,0.04739188168123576
2023-04-16,17221.46153846154,0.04736943241590019
2023-04-17,17229.615384615383,0.0473470044086266
2023-04-18,17237.76923076923,0.04732459762930574
2023-04-19,17245.923076923078,0.047302212047783954
2023-04-20,17254.076923076922,0.0472798476339964
2023-04-21,17262.23076923077,0.047257504357944846
2023-04-22,17270.384615384617,0.047235182189675484
2023-04-23,17278.53846153846,0.047212881099234494
2023-04-24,17286.69230769231,0.0471906010568901
2023-04-25,17294.846153846152,0.047168342032755106
2023-04-26,17303.0,0.04714610399718655
2023-04-27,17311.153846153848,0.04712388692045266
2023-04-28,17319.30769230769,0.04710169077293269
2023-04-29,17327.46153846154,0.047079515525139115
2023-04-30,17335.615384615383,0.04705736114747339
2023-05-01,17343.76923076923,0.04703522761058121
2023-05-02,17351.923076923078,0.04701311488497506
2023-05-03,17360.076923076922,0.046991022941367255
2023-05-04,17368.23076923077,0.046968951750492316
2023-05-05,17376.384615384617,0.04694690128308476
2023-05-06,17384.53846153846,0.04692487150994573
2023-05-07,17392.69230769231,0.04690286240205399
2023-05-08,17400.846153846152,0.04688087393023288
2023-05-09,17409.0,0.0468589060655944
2023-05-10,17417.153846153848,0.0468369587790729
2023-05-11,17425.30769230769,0.04681503204178039
2023-05-12,17433.46153846154,0.04679312582496209
2023-05-13,17441.615384615383,0.04677124009970779
2023-05-14,17449.76923076923,0.046749374837373736
2023-05-15,17457.923076923078,0.04672753000922736
2023-05-16,17466.076923076922,0.0467057055866027
2023-05-17,17474.23076923077,0.04668390154101143
2023-05-18,17482.384615384617,0.046662117843876416
2023-05-19,17490.53846153846,0.04664035446668713
2023-05-20,17498.69230769231,0.046618611381110675
2023-05-21,17506.846153846152,0.04659688855870314
2023-05-22,17515.0,0.046575185971220456
2023-05-23,17523.153846153848,0.046553503590329726
2023-05-24,17531.30769230769,0.046531841387875694
2023-05-25,17539.46153846154,0.046510199335703106
2023-05-26,17547.615384615383,0.046488577405656706
2023-05-27,17555.76923076923,0.04646697556978108
2023-05-28,17563.923076923078,0.04644539379998758
2023-05-29,17572.076923076922,0.046423832068342996
2023-05-30,17580.23076923077,0.046402290347025144
2023-05-31,17588.384615384617,0.04638076860810081
2023-06-01,17596.53846153846,0.046359266823814416
2023-06-02,17604.69230769231,0.0463377849664548
2023-06-03,17612.846153846152,0.04631632300826638
2023-06-04,17621.0,0.04629488092171563
2023-06-05,17629.153846153848,0.04627345867911359
2023-06-06,17637.30769230769,0.046252056252948925
2023-06-07,17645.46153846154,0.04623067361582134
2023-06-08,17653.615384615383,0.04620931074017509
2023-06-09,17661.76923076923,0.0461879675987209
2023-06-10,17669.923076923078,0.04616664416405847
2023-06-11,17678.076923076922,0.046145340408942914
2023-06-12,17686.23076923077,0.04612405630617378
2023-06-13,17694.384615384617,0.046102791828506184
2023-06-14,17702.53846153846,0.04608154694882849
2023-06-15,17710.69230769231,0.04606032164009566
2023-06-16,17718.846153846152,0.046039115875240455
2023-06-17,17727.0,0.046017929627306664
2023-06-18,17735.153846153848,0.04599676286933807
2023-06-19,17743.30769230769,0.04597561557444507
2023-06-20,17751.46153846154,0.04595448771584909
2023-06-21,17759.615384615383,0.04593337926670493
2023-06-22,17767.76923076923,0.045912290200322836
2023-06-23,17775.923076923078,0.04589122049001304
2023-06-24,17784.076923076922,0.045870170109085784
2023-06-25,17792.23076923077,0.04584913903102894
2023-06-26,17800.384615384617,0.04582812722926377
2023-06-27,17808.53846153846,0.04580713467727815
2023-06-28,17816.69230769231,0.04578616134871538
2023-06-29,17824.846153846152,0.04576520721706334
2023-06-30,17833.0,0.04574427225609856
2023-07-01,17837.45054945055,0.0249568185417548
2023-07-02,17841.9010989011,0.024950591667871613
2023-07-03,17846.351648351647,0.024944367900459063
2023-07-04,17850.802197802197,0.024938147237296704
2023-07-05,17855.252747252747,0.02493192967596425
2023-07-06,17859.703296703297,0.024925715214174637
2023-07-07,17864.153846153848,0.024919503849596403
2023-07-08,17868.604395604394,0.024913295579942485
2023-07-09,17873.054945054944,0.02490709040290362
2023-07-10,17877.505494505494,0.02490088831614834
2023-07-11,17881.956043956045,0.024894689317345176
2023-07-12,17886.406593406595,0.024888493404251477
2023-07-13,17890.85714285714,0.024882300574491367
2023-07-14,17895.30769230769,0.0248761108258444
2023-07-15,17899.75824175824,0.024869924155956902
2023-07-16,17904.20879120879,0.02486374056251961
2023-07-17,17908.659340659342,0.024857560043289872
2023-07-18,17913.10989010989,0.024851382595914018
2023-07-19,17917.56043956044,0.024845208218193804
2023-07-20,17922.01098901099,0.024839036907753353
2023-07-21,17926.46153846154,0.02483286866232781
2023-07-22,17930.91208791209,0.024826703479674528
2023-07-23,17935.362637362636,0.02482054135743983
2023-07-24,17939.813186813186,0.02481438229344768
2023-07-25,17944.263736263736,0.0248082262853222
2023-07-26,17948.714285714286,0.02480207333086515
2023-07-27,17953.164835164836,0.02479592342774506
2023-07-28,17957.615384615383,0.024789776573697075
2023-07-29,17962.065934065933,0.02478363276654516
2023-07-30,17966.516483516483,0.024777492003913437
2023-07-31,17970.967032967033,0.02477135428358146
2023-08-01,17975.417582417584,0.024765219603306576
2023-08-02,17979.86813186813,0.024759087960779524
2023-08-03,17984.31868131868,0.024752959353802062
2023-08-04,17988.76923076923,0.024746833780109334
2023-08-05,17993.21978021978,0.02474071123741428
2023-08-06,17997.67032967033,0.024734591723496457
2023-08-07,18002.120879120877,0.024728475236091008
2023-08-08,18006.571428571428,0.02472236177299969
2023-08-09,18011.021978021978,0.024716251331935446
2023-08-10,18015.472527472528,0.024710143910655624
2023-08-11,18019.923076923078,0.02470403950693978
2023-08-12,18024.37362637363,0.024697938118567464
2023-08-13,18028.824175824175,0.024691839743229416
2023-08-14,18033.274725274725,0.02468574437881621
2023-08-15,18037.725274725275,0.02467965202299638
2023-08-16,18042.175824175825,0.024673562673593885
2023-08-17,18046.626373626375,0.024667476328366078
2023-08-18,18051.076923076922,0.024661392985070307
2023-08-19,18055.527472527472,0.02465531264155274
2023-08-20,18059.978021978022,0.024649235295526317
2023-08-21,18064.428571428572,0.024643160944792797
2023-08-22,18068.879120879123,0.024637089587153937
2023-08-23,18073.32967032967,0.02463102122036709
2023-08-24,18077.78021978022,0.024624955842300622
2023-08-25,18082.23076923077,0.024618893450645274
2023-08-26,18086.68131868132,0.024612834043269416
2023-08-27,18091.13186813187,0.024606777617930398
2023-08-28,18095.582417582416,0.024600724172407773
2023-08-29,18100.032967032967,0.024594673704592118
2023-08-30,18104.483516483517,0.02458862621221858
2023-08-31,18108.934065934067,0.024582581693088912
2023-09-01,18113.384615384617,0.02457654014502708
2023-09-02,18117.835164835164,0.02457050156581264
2023-09-03,18122.285714285714,0.024564465953358372
2023-09-04,18126.736263736264,0.02455843330535501
2023-09-05,18131.186813186814,0.02455240361969313
2023-09-06,18135.637362637364,0.024546376894174493
2023-09-07,18140.08791208791,0.02454035312657865
2023-09-08,18144.53846153846,0.024534332314818386
2023-09-09,18148.98901098901,0.02452831445662884
2023-09-10,18153.43956043956,0.02452229954987839
2023-09-11,18157.89010989011,0.024516287592390995
2023-09-12,18162.340659340658,0.02451027858199062
2023-09-13,18166.79120879121,0.024504272516545633
2023-09-14,18171.24175824176,0.024498269393857797
2023-09-15,18175.69230769231,0.024492269211773277
2023-09-16,18180.14285714286,0.024486271968116036
2023-09-17,18184.593406593405,0.02448027766073224
2023-09-18,18189.043956043955,0.02447428628751247
2023-09-19,18193.494505494506,0.02446829784625848
2023-09-20,18197.945054945056,0.02446231233481644
2023-09-21,18202.395604395606,0.024456329751032513
2023-09-22,18206.846153846152,0.024450350092775075
2023-09-23,18211.296703296703,0.0244443733579347
2023-09-24,18215.747252747253,0.02443839954431315
2023-09-25,18220.197802197803,0.024432428649778792
2023-09-26,18224.648351648353,0.0244264606722
2023-09-27,18229.0989010989,0.024420495609422943
2023-09-28,18233.54945054945,0.0244145334593604
2023-09-29,18238.0,0.024408574219858536
2023-09-30,18218.25806451613,-0.10824616451294844
2023-10-01,18198.516129032258,-0.10836346380624917
2023-10-02,18178.774193548386,-0.10848101759448614
2023-10-03,18159.032258064515,-0.1085988267067961
2023-10-04,18139.290322580644,-0.10871689197591294
2023-10-05,18119.548387096773,-0.10883521423821207
2023-10-06,18099.8064516129,-0.10895379433368824
2023-10-07,18080.064516129034,-0.10907263310602211
2023-10-08,18060.322580645163,-0.10919173140261362
2023-10-09,18040.58064516129,-0.10931109007448203
2023-10-10,18020.83870967742,-0.10943070997643245
2023-10-11,18001.09677419355,-0.10955059196701145
2023-10-12,17981.354838709678,-0.10967073690850704
2023-10-13,17961.612903225807,-0.10979114566701531
2023-10-14,17941.870967741936,-0.10991181911244041
2023-10-15,17922.129032258064,-0.11003275811851676
2023-10-16,17902.387096774193,-0.11015396356279794
2023-10-17,17882.645161290322,-0.11027543632674552
2023-10-18,17862.90322580645,-0.11039717729570686
2023-10-19,17843.16129032258,-0.11051918735891508
2023-10-20,17823.41935483871,-0.11064146740957792
2023-10-21,17803.677419354837,-0.1107640183448444
2023-10-22,17783.935483870966,-0.11088684106581592
2023-10-23,17764.1935483871,-0.11100993647762403
2023-10-24,17744.451612903227,-0.11113330548947475
2023-10-25,17724.709677419356,-0.11125694901450434
2023-10-26,17704.967741935485,-0.11138086796999014
2023-10-27,17685.225806451614,-0.11150506327730625
2023-10-28,17665.483870967742,-0.11162953586190127
2023-10-29,17645.74193548387,-0.11175428665339826
2023-10-30,17626.0,-0.11187931658556138
2023-10-31,17606.25806451613,-0.11200462659634036
2023-11-01,17586.516129032258,-0.11213021762789266
2023-11-02,17566.774193548386,-0.11225609062661679
2023-11-03,17547.032258064515,-0.11238224654314122
2023-11-04,17527.290322580644,-0.11250868633240207
2023-11-05,17507.548387096773,-0.11263541095360985
2023-11-06,17487.8064516129,-0.1127624213703271
2023-11-07,17468.06451612903,-0.11288971855043517
2023-11-08,17448.322580645163,-0.11301730346621186
2023-11-09,17428.58064516129,-0.11314517709438698
2023-11-10,17408.83870967742,-0.11327334041599801
2023-11-11,17389.09677419355,-0.11340179441663434
2023-11-12,17369.354838709678,-0.11353054008630403
2023-11-13,17349.612903225807,-0.11365957841953378
2023-11-14,17329.870967741936,-0.11378891041540218
2023-11-15,17310.129032258064,-0.11391853707750643
2023-11-16,17290.387096774193,-0.11404845941402897
2023-11-17,17270.645161290322,-0.11417867843777074
2023-11-18,17250.90322580645,-0.11430919516614013
2023-11-19,17231.16129032258,-0.11444001062123066
2023-11-20,17211.41935483871,-0.11457112582979878
2023-11-21,17191.677419354837,-0.1147025418233194
2023-11-22,17171.93548387097,-0.11483425963798588
2023-11-23,17152.1935483871,-0.11496628031484324
2023-11-24,17132.451612903227,-0.11509860489958834
2023-11-25,17112.709677419356,-0.11523123444284744
2023-11-26,17092.967741935485,-0.11536417000004295
2023-11-27,17073.225806451614,-0.11549741263149338
2023-11-28,17053.483870967742,-0.1156309634024244
2023-11-29,17033.74193548387,-0.11576482338298
2023-11-30,17014.0,-0.11589899364827794
2023-12-01,16994.25806451613,-0.1160334752784209
2023-12-02,16974.516129032258,-0.11616826935852975
2023-12-03,16954.774193548386,-0.1163033769787769
2023-12-04,16935.032258064515,-0.11643879923439737
2023-12-05,16915.290322580644,-0.11657453722575539
2023-12-06,16895.548387096773,-0.11671059205834444
2023-12-07,16875.8064516129,-0.11684696484280943
2023-12-08,16856.06451612903,-0.11698365669502442
2023-12-09,16836.322580645163,-0.1171206687360371
2023-12-10,16816.58064516129,-0.11725800209224646
2023-12-11,16796.83870967742,-0.11739565789524731
2023-12-12,16777.09677419355,-0.11753363728197463
2023-12-13,16757.354838709678,-0.11767194139475912
2023-12-14,16737.612903225807,-0.1178105713812716
2023-12-15,16717.870967741936,-0.11794952839461192
2023-12-16,16698.129032258064,-0.11808881359333112
2023-12-17,16678.387096774193,-0.11822842814145362
2023-12-18,16658.645161290322,-0.11836837320852167
2023-12-19,16638.90322580645,-0.11850864996959531
2023-12-20,16619.16129032258,-0.11864925960535233
2023-12-21,16599.41935483871,-0.11879020330205492
2023-12-22,16579.677419354837,-0.11893148225161632
2023-12-23,16559.93548387097,-0.11907309765158969
2023-12-24,16540.1935483871,-0.11921505070535687
2023-12-25,16520.451612903227,-0.11935734262188413
2023-12-26,16500.709677419356,-0.11949997461602191
2023-12-27,16480.967741935485,-0.1196429479084049
2023-12-28,16461.225806451614,-0.1197862637255076
2023-12-29,16441.483870967742,-0.11992992329972196
2023-12-30,16421.74193548387,-0.12007392786931304
2023-12-31,16402.0,-0.12021827867854107
2024-01-01,16450.483146067414,0.2955928915218564
2024-01-02,16498.96629213483,0.2947217150823134
2024-01-03,16547.449438202246,0.2938556586452812
2024-01-04,16595.932584269663,0.2929946772067815
2024-01-05,16644.415730337078,0.2921387262886821
2024-01-06,16692.898876404495,0.29128776193116934
2024-01-07,16741.38202247191,0.29044174068499906
2024-01-08,16789.865168539327,0.289600619604391
2024-01-09,16838.34831460674,0.2887643562395015
2024-01-10,16886.83146067416,0.2879329086295179
2024-01-11,16935.314606741573,0.2871062352953535
2024-01-12,16983.79775280899,0.28628429523309684
2024-01-13,17032.280898876405,0.28546704790686217
2024-01-14,17080.76404494382,0.2846544532424389
2024-01-15,17129.247191011236,0.28384647162063015
2024-01-16,17177.73033707865,0.28304306387063605
2024-01-17,17226.213483146068,0.2822441912641027
2024-01-18,17274.696629213482,0.28144981550850545
2024-01-19,17323.1797752809,0.2806598987413089
2024-01-20,17371.662921348314,0.2798744035237499
2024-01-21,17420.14606741573,0.27909329283517526
2024-01-22,17468.629213483146,0.27831653006689105
2024-01-23,17517.112359550563,0.27754407901678935
2024-01-24,17565.595505617977,0.27677590388337503
2024-01-25,17614.07865168539,0.27601196926063665
2024-01-26,17662.56179775281,0.2752522401322288
2024-01-27,17711.044943820223,0.2744966818662986
2024-01-28,17759.52808988764,0.27374526021026746
2024-01-29,17808.011235955055,0.27299794128550214
2024-01-30,17856.494382022473,0.27225469158245197
2024-01-31,17904.977528089887,0.2715154779553197
2024-02-01,17953.460674157304,0.27078026761750973
2024-02-02,18001.94382022472,0.27004902813640985
2024-02-03,18050.426966292136,0.26932172742895055
2024-02-04,18098.91011235955,0.2685983337566089
2024-02-05,18147.393258426968,0.26787881572112315
2024-02-06,18195.876404494382,0.2671631422595633
2024-02-07,18244.3595505618,0.26645128264028983
2024-02-08,18292.842696629214,0.26574320645813554
2024-02-09,18341.325842696628,0.2650388836304085
2024-02-10,18389.808988764045,0.26433828439247353
2024-02-11,18438.29213483146,0.26364137929348885
2024-02-12,18486.775280898877,0.26294813919249815
2024-02-13,18535.25842696629,0.2622585352541673
2024-02-14,18583.74157303371,0.26157253894492083
2024-02-15,18632.224719101123,0.2608901220288562
2024-02-16,18680.70786516854,0.2602112565640802
2024-02-17,18729.191011235955,0.25953591489866756
2024-02-18,18777.674157303372,0.2588640696671307
2024-02-19,18826.157303370786,0.2581956937864893
2024-02-20,18874.6404494382,0.25753076045280654
2024-02-21,18923.123595505618,0.25686924313761406
2024-02-22,18971.606741573032,0.25621111558415954
2024-02-23,19020.08988764045,0.2555563518042758
2024-02-24,19068.573033707864,0.25490492607460613
2024-02-25,19117.05617977528,0.25425681293358426
2024-02-26,19165.539325842696,0.2536119871777487
2024-02-27,19214.022471910113,0.2529704238588337
2024-02-28,19262.505617977527,0.25233209828028347
2024-02-29,19310.988764044945,0.25169698599423196
2024-03-01,19359.47191011236,0.25106506279826135
2024-03-02,19407.955056179777,0.25043630473253753
2024-03-03,19456.43820224719,0.24981068807645723
2024-03-04,19504.92134831461,0.24918818934607234
2024-03-05,19553.404494382023,0.2485687852907148
2024-03-06,19601.887640449437,0.2479524528904653
2024-03-07,19650.370786516854,0.2473391693531113
2024-03-08,19698.85393258427,0.24672891211132697
2024-03-09,19747.337078651686,0.2461216588200532
2024-03-10,19795.8202247191,0.24551738735358875
2024-03-11,19844.303370786518,0.24491607580310326
2024-03-12,19892.786516853932,0.24431770247368423
2024-03-13,19941.26966292135,0.24372224588213864
2024-03-14,19989.752808988764,0.24312968475403984
2024-03-15,20038.23595505618,0.24253999802146264
2024-03-16,20086.719101123595,0.2419531648202744
2024-03-17,20135.20224719101,0.24136916448789236
2024-03-18,20183.685393258427,0.24078797656070794
2024-03-19,20232.16853932584,0.24020958077164423
2024-03-20,20280.65168539326,0.23963395704804658
2024-03-21,20329.134831460673,0.23906108550906247
2024-03-22,20377.61797752809,0.2384909464636209
2024-03-23,20426.101123595505,0.2379235204079233
2024-03-24,20474.584269662922,0.23735878802348953
2024-03-25,20523.067415730337,0.23679673017464875
2024-03-26,20571.550561797754,0.2362373279067187
2024-03-27,20620.03370786517,0.23568056244360758
2024-03-28,20668.516853932582,0.23512641518583788
2024-03-29,20717.0,0.23457486770848135
2024-03-30,20746.505494505494,0.14242165615434565
2024-03-31,20776.01098901099,0.1422191053491284
2024-04-01,20805.516483516483,0.14201712985759674
2024-04-02,20835.021978021978,0.14181572723210856
2024-04-03,20864.527472527472,0.14161489503883296
2024-04-04,20894.032967032967,0.1414146308577724
2024-04-05,20923.53846153846,0.14121493228258508
2024-04-06,20953.043956043955,0.14101579692045174
2024-04-07,20982.54945054945,0.14081722239209782
2024-04-08,21012.054945054944,0.14061920633157143
2024-04-09,21041.56043956044,0.1404217463862878
2024-04-10,21071.065934065933,0.14022484021680715
2024-04-11,21100.571428571428,0.14002848549674596
2024-04-12,21130.076923076922,0.13983267991284354
2024-04-13,21159.582417582416,0.13963742116467337
2024-04-14,21189.08791208791,0.13944270696466532
2024-04-15,21218.593406593405,0.13924853503799461
2024-04-16,21248.0989010989,0.13905490312249302
2024-04-17,21277.604395604394,0.13886180896856004
2024-04-18,21307.10989010989,0.13866925033905186
2024-04-19,21336.615384615383,0.13847722500923698
2024-04-20,21366.120879120877,0.13828573076668516
2024-04-21,21395.626373626375,0.138094765411223
2024-04-22,21425.13186813187,0.13790432675466757
2024-04-23,21454.637362637364,0.13771441262109274
2024-04-24,21484.14285714286,0.1375250208464296
2024-04-25,21513.648351648353,0.1373361492785108
2024-04-26,21543.153846153848,0.13714779577698177
2024-04-27,21572.659340659342,0.13695995821318974
2024-04-28,21602.164835164836,0.1367726344701614
2024-04-29,21631.67032967033,0.13658582244249207
2024-04-30,21661.175824175825,0.13639952003625666
2024-05-01,21690.68131868132,0.13621372516889885
2024-05-02,21720.186813186814,0.13602843576925316
2024-05-03,21749.69230769231,0.1358436497773674
2024-05-04,21779.197802197803,0.1356593651444804
2024-05-05,21808.703296703297,0.13547557983295544
2024-05-06,21838.20879120879,0.135292291816147
2024-05-07,21867.714285714286,0.13510949907837855
2024-05-08,21897.21978021978,0.13492719961487598
2024-05-09,21926.725274725275,0.13474539143158992
2024-05-10,21956.23076923077,0.13456407254532898
2024-05-11,21985.736263736264,0.1343832409834267
2024-05-12,22015.24175824176,0.13420289478394132
2024-05-13,22044.747252747253,0.13402303199532284
2024-05-14,22074.252747252747,0.13384365067654613
2024-05-15,22103.75824175824,0.13366474889695557
2024-05-16,22133.263736263736,0.13348632473617617
2024-05-17,22162.76923076923,0.13330837628411363
2024-05-18,22192.274725274725,0.13313090164079888
2024-05-19,22221.78021978022,0.1329538989164103
2024-05-20,22251.285714285714,0.13277736623114045
2024-05-21,22280.79120879121,0.13260130171512952
2024-05-22,22310.296703296703,0.13242570350846528
2024-05-23,22339.802197802197,0.13225056976107208
2024-05-24,22369.30769230769,0.13207589863259983
2024-05-25,22398.813186813186,0.1319016882924906
2024-05-26,22428.31868131868,0.1317279369197344
2024-05-27,22457.824175824175,0.13155464270298012
2024-05-28,22487.32967032967,0.13138180384035802
2024-05-29,22516.835164835164,0.13120941853947965
2024-05-30,22546.340659340658,0.1310374850173046
2024-05-31,22575.846153846152,0.13086600150020722
2024-06-01,22605.351648351647,0.13069496622375443
2024-06-02,22634.85714285714,0.13052437743275025
2024-06-03,22664.36263736264,0.13035423338119134
2024-06-04,22693.868131868134,0.13018453233206717
2024-06-05,22723.37362637363,0.13001527255753764
2024-06-06,22752.879120879123,0.12984645233862224
2024-06-07,22782.384615384617,0.12967806996531106
2024-06-08,22811.89010989011,0.12951012373643156
2024-06-09,22841.395604395606,0.12934261195964858
2024-06-10,22870.9010989011,0.1291755329513089
2024-06-11,22900.406593406595,0.12900888503650787
2024-06-12,22929.91208791209,0.12884266654893395
2024-06-13,22959.417582417584,0.12867687583089094
2024-06-14,22988.923076923078,0.12851151123314253
2024-06-15,23018.428571428572,0.12834657111500114
2024-06-16,23047.934065934067,0.12818205384410586
2024-06-17,23077.43956043956,0.12801795779651126
2024-06-18,23106.945054945056,0.1278542813565542
2024-06-19,23136.45054945055,0.12769102291685375
2024-06-20,23165.956043956045,0.12752818087817808
2024-06-21,23195.46153846154,0.12736575364948877
2024-06-22,23224.967032967033,0.12720373964780762
2024-06-23,23254.472527472528,0.12704213729823888
2024-06-24,23283.978021978022,0.12688094503385816
2024-06-25,23313.483516483517,0.1267201612956459
2024-06-26,23342.98901098901,0.1265597845325539
2024-06-27,23372.494505494506,0.12639981320132776
2024-06-28,23402.0,0.12624024576648463
2024-06-29,23422.846153846152,0.0890785139994632
2024-06-30,23443.69230769231,0.08899923480363281
2024-07-01,23464.53846153846,0.08892009659806632
2024-07-02,23485.384615384617,0.08884109900701986
2024-07-03,23506.23076923077,0.0887622416560152
2024-07-04,23527.076923076922,0.088683524171973
2024-07-05,23547.923076923078,0.08860494618312398
2024-07-06,23568.76923076923,0.0885265073189423
2024-07-07,23589.615384615383,0.0884482072103232
2024-07-08,23610.46153846154,0.08837004548938321
2024-07-09,23631.30769230769,0.08829202178954887
2024-07-10,23652.153846153848,0.08821413574562342
2024-07-11,23673.0,0.08813638699354254
2024-07-12,23693.846153846152,0.08805877517066296
2024-07-13,23714.69230769231,0.0879812999156071
2024-07-14,23735.53846153846,0.0879039608681298
2024-07-15,23756.384615384617,0.08782675766945136
2024-07-16,23777.23076923077,0.08774968996188015
2024-07-17,23798.076923076922,0.08767275738910119
2024-07-18,23818.923076923078,0.08759595959597632
2024-07-19,23839.76923076923,0.08751929622858867
2024-07-20,23860.615384615383,0.0874427669343758
2024-07-21,23881.46153846154,0.08736637136188552
2024-07-22,23902.30769230769,0.08729010916095348
2024-07-23,23923.153846153848,0.08721397998263658
2024-07-24,23944.0,0.08713798347914636
2024-07-25,23964.846153846152,0.08706211930400443
2024-07-26,23985.69230769231,0.0869863871119092
2024-07-27,24006.53846153846,0.08691078655864715
2024-07-28,24027.384615384617,0.08683531730138139
2024-07-29,24048.23076923077,0.08675997899831867
2024-07-30,24069.076923076922,0.08668477130893137
2024-07-31,24089.923076923078,0.08660969389386874
2024-08-01,24110.76923076923,0.08653474641486802
2024-08-02,24131.615384615383,0.08645992853495432
2024-08-03,24152.46153846154,0.08638523991828517
2024-08-04,24173.30769230769,0.08631068023006172
2024-08-05,24194.153846153848,0.08623624913686179
2024-08-06,24215.0,0.08616194630615137
2024-08-07,24235.846153846152,0.08608777140677315
2024-08-08,24256.69230769231,0.08601372410861341
2024-08-09,24277.53846153846,0.08593980408260204
2024-08-10,24298.384615384617,0.08586601100100122
2024-08-11,24319.23076923077,0.08579234453698348
2024-08-12,24340.076923076922,0.08571880436500923
2024-08-13,24360.923076923078,0.08564539016058248
2024-08-14,24381.76923076923,0.08557210160029527
2024-08-15,24402.615384615383,0.08549893836189426
2024-08-16,24423.46153846154,0.08542590012421414
2024-08-17,24444.30769230769,0.0853529865671332
2024-08-18,24465.153846153848,0.08528019737175097
2024-08-19,24486.0,0.08520753222007738
2024-08-20,24506.846153846152,0.0851349907953658
2024-08-21,24527.69230769231,0.0850625727818688
2024-08-22,24548.53846153846,0.08499027786488256
2024-08-23,24569.384615384617,0.0849181057308801
2024-08-24,24590.23076923077,0.08484605606726703
2024-08-25,24611.076923076922,0.08477412856262578
2024-08-26,24631.923076923078,0.0847023229065158
2024-08-27,24652.76923076923,0.08463063878956234
2024-08-28,24673.615384615383,0.08455907590345646
2024-08-29,24694.46153846154,0.08448763394097725
2024-08-30,24715.30769230769,0.08441631259576976
2024-08-31,24736.153846153848,0.08434511156276692
2024-09-01,24757.0,0.08427403053767879
2024-09-02,24777.846153846152,0.08420306921739229
2024-09-03,24798.69230769231,0.08413222729983794
2024-09-04,24819.53846153846,0.08406150448379002
2024-09-05,24840.384615384617,0.08399090046924407
2024-09-06,24861.23076923077,0.08392041495701719
2024-09-07,24882.076923076922,0.08385004764910331
2024-09-08,24902.923076923078,0.08377979824836235
2024-09-09,24923.76923076923,0.08370966645867561
2024-09-10,24944.615384615383,0.08363965198496803
2024-09-11,24965.46153846154,0.08356975453311932
2024-09-12,24986.30769230769,0.08349997380996399
2024-09-13,25007.153846153848,0.08343030952338015
2024-09-14,25028.0,0.0833607613821119
2024-09-15,25048.846153846152,0.08329132909601356
2024-09-16,25069.69230769231,0.0832220123758276
2024-09-17,25090.53846153846,0.08315281093320692
2024-09-18,25111.384615384617,0.0830837244808924
2024-09-19,25132.23076923077,0.08301475273244652
2024-09-20,25153.076923076922,0.08294589540247532
2024-09-21,25173.923076923078,0.08287715220649527
2024-09-22,25194.76923076923,0.08280852286095541
2024-09-23,25215.615384615383,0.08274000708328177
2024-09-24,25236.46153846154,0.08267160459178857
2024-09-25,25257.30769230769,0.08260331510572261
2024-09-26,25278.153846153848,0.08253513834535209
2024-09-27,25299.0,0.08246707403170017
2024-09-28,25271.284210526315,-0.10955290514915728
2024-09-29,25243.56842105263,-0.10967305516725867
2024-09-30,25215.852631578946,-0.1097934690191038
2024-10-01,25188.136842105265,-0.10991414757465234
2024-10-02,25160.42105263158,-0.11003509170774972
2024-10-03,25132.705263157895,-0.11015630229600504
2024-10-04,25104.98947368421,-0.11027778022094648
2024-10-05,25077.273684210526,-0.1103995263679991
2024-10-06,25049.55789473684,-0.11052154162649597
2024-10-07,25021.842105263157,-0.11064382688968921
2024-10-08,24994.126315789472,-0.11076638305480557
2024-10-09,24966.41052631579,-0.11088921102303528
2024-10-10,24938.694736842106,-0.111012311699632
2024-10-11,24910.97894736842,-0.11113568599377954
2024-10-12,24883.263157894737,-0.1112593348187696
2024-10-13,24855.547368421052,-0.11138325909193503
2024-10-14,24827.831578947367,-0.11150745973471654
2024-10-15,24800.115789473683,-0.11163193767266266
2024-10-16,24772.4,-0.11175669383546305
2024-10-17,24744.684210526317,-0.1118817291569818
2024-10-18,24716.968421052632,-0.11200704457523525
2024-10-19,24689.252631578947,-0.11213264103245857
2024-10-20,24661.536842105263,-0.112258519475128
2024-10-21,24633.821052631578,-0.11238468085397191
2024-10-22,24606.105263157893,-0.11251112612399305
2024-10-23,24578.389473684212,-0.11263785624447964
2024-10-24,24550.673684210527,-0.11276487217911635
2024-10-25,24522.957894736843,-0.11289217489584003
2024-10-26,24495.242105263158,-0.1130197653670173
2024-10-27,24467.526315789473,-0.11314764456943349
2024-10-28,24439.81052631579,-0.1132758134842593
2024-10-29,24412.094736842104,-0.11340427309712853
2024-10-30,24384.378947368423,-0.11353302439816026
2024-10-31,24356.663157894738,-0.11366206838200332
2024-11-01,24328.947368421053,-0.1137914060477585
2024-11-02,24301.23157894737,-0.11392103839913403
2024-11-03,24273.515789473684,-0.11405096644441226
2024-11-04,24245.8,-0.11418119119647185
2024-11-05,24218.084210526315,-0.11431171367282111
2024-11-06,24190.368421052633,-0.11444253489562017
2024-11-07,24162.65263157895,-0.11457365589175872
2024-11-08,24134.936842105264,-0.11470507769275606
2024-11-09,24107.22105263158,-0.11483680133494989
2024-11-10,24079.505263157895,-0.11496882785939633
2024-11-11,24051.78947368421,-0.11510115831195877
2024-11-12,24024.073684210525,-0.11523379374333009
2024-11-13,23996.35789473684,-0.11536673520902152
2024-11-14,23968.64210526316,-0.11549998376945148
2024-11-15,23940.926315789475,-0.11563354048996777
2024-11-16,23913.21052631579,-0.11576740644076988
2024-11-17,23885.494736842105,-0.11590158269707551
2024-11-18,23857.77894736842,-0.11603607033909835
2024-11-19,23830.063157894736,-0.1161708704520592
2024-11-20,23802.34736842105,-0.11630598412619708
2024-11-21,23774.631578947367,-0.11644141245689132
2024-11-22,23746.915789473685,-0.11657715654456169
2024-11-23,23719.2,-0.11671321749483488
2024-11-24,23691.484210526316,-0.11684959641844461
2024-11-25,23663.76842105263,-0.11698629443135378
2024-11-26,23636.052631578947,-0.1171233126547433
2024-11-27,23608.336842105262,-0.11726065221505655
2024-11-28,23580.621052631577,-0.11739831424403269
2024-11-29,23552.905263157896,-0.11753629987869552
2024-11-30,23525.18947368421,-0.11767461026150894
2024-12-01,23497.473684210527,-0.11781324654022152
2024-12-02,23469.757894736842,-0.11795220986803301
2024-12-03,23442.042105263157,-0.11809150140360547
2024-12-04,23414.326315789473,-0.11823112231106325
2024-12-05,23386.610526315788,-0.11837107376005962
2024-12-06,23358.894736842107,-0.11851135692576564
2024-12-07,23331.178947368422,-0.11865197298899233
2024-12-08,23303.463157894737,-0.11879292313606848
2024-12-09,23275.747368421053,-0.11893420855901837
2024-12-10,23248.031578947368,-0.1190758304555617
2024-12-11,23220.315789473683,-0.11921779002908028
2024-12-12,23192.6,-0.11936008848876245
2024-12-13,23164.884210526317,-0.11950272704949194
2024-12-14,23137.168421052633,-0.1196457069320922
2024-12-15,23109.452631578948,-0.11978902936310432
2024-12-16,23081.736842105263,-0.11993269557502018
2024-12-17,23054.02105263158,-0.12007670680624916
2024-12-18,23026.305263157894,-0.12022106430115143
2024-12-19,22998.58947368421,-0.12036576931007126
2024-12-20,22970.873684210528,-0.12051082308937033
2024-12-21,22943.157894736843,-0.12065622690152766
2024-12-22,22915.44210526316,-0.12080198201505077
2024-12-23,22887.726315789474,-0.12094808970462001
2024-12-24,22860.01052631579,-0.12109455125109969
2024-12-25,22832.294736842105,-0.12124136794153806
2024-12-26,22804.57894736842,-0.12138854106925612
2024-12-27,22776.86315789474,-0.12153607193383653
2024-12-28,22749.147368421054,-0.12168396184124575
2024-12-29,22721.43157894737,-0.12183221210373407
2024-12-30,22693.715789473685,-0.12198082404000221
2024-12-31,22666.0,-0.12212979897519016
