Date,Shares Outstanding,Rate of Change (%)
2020-01-01,4294.0,0.0
2020-01-02,4294.0,0.0
2020-01-03,4294.0,0.0
2020-01-04,4294.0,0.0
2020-01-05,4294.0,0.0
2020-01-06,4294.0,0.0
2020-01-07,4294.0,0.0
2020-01-08,4294.0,0.0
2020-01-09,4294.0,0.0
2020-01-10,4294.0,0.0
2020-01-11,4294.0,0.0
2020-01-12,4294.0,0.0
2020-01-13,4294.0,0.0
2020-01-14,4294.0,0.0
2020-01-15,4294.0,0.0
2020-01-16,4294.0,0.0
2020-01-17,4294.0,0.0
2020-01-18,4294.0,0.0
2020-01-19,4294.0,0.0
2020-01-20,4294.0,0.0
2020-01-21,4294.0,0.0
2020-01-22,4294.0,0.0
2020-01-23,4294.0,0.0
2020-01-24,4294.0,0.0
2020-01-25,4294.0,0.0
2020-01-26,4294.0,0.0
2020-01-27,4294.0,0.0
2020-01-28,4294.0,0.0
2020-01-29,4294.0,0.0
2020-01-30,4294.0,0.0
2020-01-31,4294.0,0.0
2020-02-01,4294.0,0.0
2020-02-02,4294.0,0.0
2020-02-03,4294.0,0.0
2020-02-04,4294.0,0.0
2020-02-05,4294.0,0.0
2020-02-06,4294.0,0.0
2020-02-07,4294.0,0.0
2020-02-08,4294.0,0.0
2020-02-09,4294.0,0.0
2020-02-10,4294.0,0.0
2020-02-11,4294.0,0.0
2020-02-12,4294.0,0.0
2020-02-13,4294.0,0.0
2020-02-14,4294.0,0.0
2020-02-15,4294.0,0.0
2020-02-16,4294.0,0.0
2020-02-17,4294.0,0.0
2020-02-18,4294.0,0.0
2020-02-19,4294.0,0.0
2020-02-20,4294.0,0.0
2020-02-21,4294.0,0.0
2020-02-22,4294.0,0.0
2020-02-23,4294.0,0.0
2020-02-24,4294.0,0.0
2020-02-25,4294.0,0.0
2020-02-26,4294.0,0.0
2020-02-27,4294.0,0.0
2020-02-28,4294.0,0.0
2020-02-29,4294.0,0.0
2020-03-01,4294.0,0.0
2020-03-02,4294.0,0.0
2020-03-03,4294.0,0.0
2020-03-04,4294.0,0.0
2020-03-05,4294.0,0.0
2020-03-06,4294.0,0.0
2020-03-07,4294.0,0.0
2020-03-08,4294.0,0.0
2020-03-09,4294.0,0.0
2020-03-10,4294.0,0.0
2020-03-11,4294.0,0.0
2020-03-12,4294.0,0.0
2020-03-13,4294.0,0.0
2020-03-14,4294.0,0.0
2020-03-15,4294.0,0.0
2020-03-16,4294.0,0.0
2020-03-17,4294.0,0.0
2020-03-18,4294.0,0.0
2020-03-19,4294.0,0.0
2020-03-20,4294.0,0.0
2020-03-21,4294.0,0.0
2020-03-22,4294.0,0.0
2020-03-23,4294.0,0.0
2020-03-24,4294.0,0.0
2020-03-25,4294.0,0.0
2020-03-26,4294.0,0.0
2020-03-27,4294.0,0.0
2020-03-28,4294.010989010989,0.00025591548646897166
2020-03-29,4294.021978021978,0.00025591483154840944
2020-03-30,4294.0329670329675,0.00025591417665005167
2020-03-31,4294.043956043956,0.000255913521707285
2020-04-01,4294.054945054945,0.00025591286678672276
2020-04-02,4294.065934065934,0.00025591221186616053
2020-04-03,4294.076923076923,0.00025591155696780277
2020-04-04,4294.087912087912,0.00025591090204724054
2020-04-05,4294.0989010989015,0.00025591024717108724
2020-04-06,4294.10989010989,0.000255909592250525
2020-04-07,4294.120879120879,0.00025590893735216724
2020-04-08,4294.131868131868,0.00025590828247601394
2020-04-09,4294.142857142857,0.00025590762757765617
2020-04-10,4294.153846153846,0.00025590697270150287
2020-04-11,4294.1648351648355,0.00025590631782534956
2020-04-12,4294.175824175824,0.0002559056629269918
2020-04-13,4294.186813186813,0.0002559050080508385
2020-04-14,4294.197802197802,0.0002559043531746852
2020-04-15,4294.208791208791,0.00025590369832073634
2020-04-16,4294.219780219781,0.0002559030434667875
2020-04-17,4294.2307692307695,0.0002559023885906342
2020-04-18,4294.241758241758,0.00025590173373668534
2020-04-19,4294.252747252747,0.0002559010788827365
2020-04-20,4294.263736263736,0.00025590042402878765
2020-04-21,4294.274725274725,0.0002558997691748388
2020-04-22,4294.285714285715,0.0002558991143430944
2020-04-23,4294.2967032967035,0.0002558984594891456
2020-04-24,4294.307692307692,0.0002558978046574012
2020-04-25,4294.318681318681,0.00025589714980345235
2020-04-26,4294.32967032967,0.00025589649497170797
2020-04-27,4294.340659340659,0.00025589584016216804
2020-04-28,4294.351648351649,0.0002558951853526281
2020-04-29,4294.3626373626375,0.0002558945304986793
2020-04-30,4294.373626373626,0.00025589387568913935
2020-05-01,4294.384615384615,0.0002558932208795994
2020-05-02,4294.395604395604,0.0002558925660700595
2020-05-03,4294.406593406594,0.00025589191128272404
2020-05-04,4294.417582417583,0.00025589125645097965
2020-05-05,4294.428571428572,0.00025589060164143973
2020-05-06,4294.43956043956,0.00025588994685410427
2020-05-07,4294.450549450549,0.00025588929204456434
2020-05-08,4294.461538461538,0.0002558886372572289
2020-05-09,4294.472527472528,0.0002558879824920979
2020-05-10,4294.483516483517,0.00025588732768255795
2020-05-11,4294.494505494506,0.00025588667291742695
2020-05-12,4294.505494505494,0.0002558860181300915
2020-05-13,4294.516483516483,0.000255885363342756
2020-05-14,4294.527472527472,0.000255884708577625
2020-05-15,4294.538461538462,0.0002558840538346985
2020-05-16,4294.549450549451,0.000255883399047363
2020-05-17,4294.56043956044,0.000255882744282232
2020-05-18,4294.571428571428,0.00025588208953930547
2020-05-19,4294.582417582417,0.00025588143477417447
2020-05-20,4294.593406593406,0.0002558807800312479
2020-05-21,4294.604395604396,0.0002558801252883214
2020-05-22,4294.615384615385,0.0002558794705231904
2020-05-23,4294.626373626374,0.00025587881578026384
2020-05-24,4294.6373626373625,0.00025587816105954175
2020-05-25,4294.648351648351,0.0002558775063166152
2020-05-26,4294.659340659341,0.00025587685159589313
2020-05-27,4294.67032967033,0.0002558761968529666
2020-05-28,4294.681318681319,0.0002558755421322445
2020-05-29,4294.692307692308,0.0002558748874115224
2020-05-30,4294.7032967032965,0.00025587423269080034
2020-05-31,4294.714285714285,0.00025587357797007826
2020-06-01,4294.725274725275,0.0002558729232937651
2020-06-02,4294.736263736264,0.00025587226855083856
2020-06-03,4294.747252747253,0.00025587161385232093
2020-06-04,4294.758241758242,0.0002558709591538033
2020-06-05,4294.7692307692305,0.0002558703044552857
2020-06-06,4294.780219780219,0.00025586964975676807
2020-06-07,4294.791208791209,0.00025586899510265937
2020-06-08,4294.802197802198,0.0002558683403819373
2020-06-09,4294.813186813187,0.0002558676857056241
2020-06-10,4294.824175824176,0.0002558670310071065
2020-06-11,4294.8351648351645,0.00025586637633079334
2020-06-12,4294.846153846154,0.00025586572167668464
2020-06-13,4294.857142857143,0.0002558650670003715
2020-06-14,4294.868131868132,0.0002558644123240583
2020-06-15,4294.879120879121,0.0002558637576699496
2020-06-16,4294.89010989011,0.00025586310299363646
2020-06-17,4294.9010989010985,0.00025586244833952776
2020-06-18,4294.912087912088,0.0002558617937076235
2020-06-19,4294.923076923077,0.00025586113903131036
2020-06-20,4294.934065934066,0.0002558604843994061
2020-06-21,4294.945054945055,0.0002558598297452974
2020-06-22,4294.956043956044,0.0002558591751133932
2020-06-23,4294.9670329670325,0.0002558585204592845
2020-06-24,4294.978021978022,0.0002558578658495847
2020-06-25,4294.989010989011,0.000255857211195476
2020-06-26,4295.0,0.0002558565565857762
2020-06-27,4295.021978021978,0.000511711803907744
2020-06-28,4295.043956043956,0.0005117091854467404
2020-06-29,4295.065934065934,0.0005117065669857368
2020-06-30,4295.087912087912,0.0005117039485469377
2020-07-01,4295.10989010989,0.0005117013301747519
2020-07-02,4295.131868131868,0.0005116987117803617
2020-07-03,4295.153846153846,0.0005116960934525849
2020-07-04,4295.175824175824,0.0005116934751470126
2020-07-05,4295.197802197802,0.0005116908568414402
2020-07-06,4295.219780219781,0.0005116882386024812
2020-07-07,4295.241758241758,0.0005116856203413178
2020-07-08,4295.263736263736,0.0005116830021467678
2020-07-09,4295.285714285715,0.0005116803839744222
2020-07-10,4295.307692307692,0.0005116777658020766
2020-07-11,4295.32967032967,0.0005116751476741399
2020-07-12,4295.351648351649,0.0005116725295906122
2020-07-13,4295.373626373626,0.0005116699115070844
2020-07-14,4295.395604395604,0.0005116672934457611
2020-07-15,4295.417582417583,0.0005116646754510512
2020-07-16,4295.43956043956,0.0005116620574341368
2020-07-17,4295.461538461538,0.0005116594394616314
2020-07-18,4295.483516483517,0.0005116568215557393
2020-07-19,4295.505494505494,0.0005116542036054383
2020-07-20,4295.527472527472,0.0005116515857217507
2020-07-21,4295.549450549451,0.000511648967882472
2020-07-22,4295.571428571428,0.0005116463500431934
2020-07-23,4295.593406593406,0.0005116437322261191
2020-07-24,4295.615384615385,0.0005116411144756583
2020-07-25,4295.6373626373625,0.000511638496702993
2020-07-26,4295.659340659341,0.0005116358789969411
2020-07-27,4295.681318681319,0.0005116332612686847
2020-07-28,4295.7032967032965,0.0005116306436070417
2020-07-29,4295.725274725275,0.0005116280259676032
2020-07-30,4295.747252747253,0.0005116254083281646
2020-07-31,4295.7692307692305,0.000511622790733135
2020-08-01,4295.791208791209,0.0005116201732047188
2020-08-02,4295.813186813187,0.0005116175556318936
2020-08-03,4295.8351648351645,0.0005116149381256818
2020-08-04,4295.857142857143,0.000511612320663879
2020-08-05,4295.879120879121,0.0005116097031798716
2020-08-06,4295.9010989010985,0.0005116070857402732
2020-08-07,4295.923076923077,0.0005116044683672882
2020-08-08,4295.945054945055,0.0005116018509720988
2020-08-09,4295.9670329670325,0.0005115992336213182
2020-08-10,4295.989010989011,0.0005115966163149466
2020-08-11,4296.010989010989,0.0005115939989863705
2020-08-12,4296.0329670329675,0.0005115913817466122
2020-08-13,4296.054945054945,0.0005115887644846495
2020-08-14,4296.076923076923,0.0005115861472670957
2020-08-15,4296.0989010989015,0.0005115835300939509
2020-08-16,4296.120879120879,0.0005115809128986015
2020-08-17,4296.142857142857,0.0005115782957698656
2020-08-18,4296.1648351648355,0.0005115756786855385
2020-08-19,4296.186813186813,0.0005115730615790071
2020-08-20,4296.208791208791,0.0005115704445168845
2020-08-21,4296.2307692307695,0.0005115678275213753
2020-08-22,4296.252747252747,0.0005115652104814572
2020-08-23,4296.274725274725,0.0005115625935081525
2020-08-24,4296.2967032967035,0.0005115599765792567
2020-08-25,4296.318681318681,0.0005115573596503609
2020-08-26,4296.340659340659,0.0005115547427436695
2020-08-27,4296.3626373626375,0.0005115521259035916
2020-08-28,4296.384615384615,0.0005115495090413091
2020-08-29,4296.406593406594,0.0005115468922456401
2020-08-30,4296.428571428572,0.0005115442754277666
2020-08-31,4296.450549450549,0.0005115416586765065
2020-09-01,4296.472527472528,0.0005115390419474508
2020-09-02,4296.494505494506,0.0005115364252183952
2020-09-03,4296.516483516483,0.0005115338085337484
2020-09-04,4296.538461538462,0.0005115311919157151
2020-09-05,4296.56043956044,0.0005115285752532728
2020-09-06,4296.582417582417,0.0005115259586574439
2020-09-07,4296.604395604396,0.0005115233421060239
2020-09-08,4296.626373626374,0.0005115207255323995
2020-09-09,4296.648351648351,0.000511518109003184
2020-09-10,4296.67032967033,0.0005115154925405818
2020-09-11,4296.692307692308,0.0005115128760557752
2020-09-12,4296.714285714285,0.0005115102596153775
2020-09-13,4296.736263736264,0.0005115076432193888
2020-09-14,4296.758241758242,0.0005115050268011956
2020-09-15,4296.780219780219,0.0005115024104496158
2020-09-16,4296.802197802198,0.0005114997941424448
2020-09-17,4296.824175824176,0.0005114971778130695
2020-09-18,4296.846153846154,0.0005114945615503075
2020-09-19,4296.868131868132,0.000511491945265341
2020-09-20,4296.89010989011,0.000511489329046988
2020-09-21,4296.912087912088,0.0005114867128730438
2020-09-22,4296.934065934066,0.0005114840966768952
2020-09-23,4296.956043956044,0.0005114814805251555
2020-09-24,4296.978021978022,0.0005114788644178248
2020-09-25,4297.0,0.000511476248310494
2020-09-26,4297.051546391753,0.0011995902199801733
2020-09-27,4297.103092783505,0.0011995758299798709
2020-09-28,4297.154639175258,0.0011995614403348398
2020-09-29,4297.20618556701,0.0011995470510228756
2020-09-30,4297.257731958763,0.0011995326620883873
2020-10-01,4297.309278350515,0.0011995182734647614
2020-10-02,4297.360824742268,0.0011995038851964068
2020-10-03,4297.412371134021,0.0011994894972833237
2020-10-04,4297.4639175257735,0.0011994751097033074
2020-10-05,4297.515463917526,0.001199460722456358
2020-10-06,4297.567010309278,0.0011994463355424756
2020-10-07,4297.618556701031,0.0011994319490282734
2020-10-08,4297.670103092783,0.0011994175628249337
2020-10-09,4297.721649484536,0.0011994031769768654
2020-10-10,4297.773195876289,0.0011993887914840684
2020-10-11,4297.8247422680415,0.0011993744063021339
2020-10-12,4297.876288659794,0.0011993600214976752
2020-10-13,4297.927835051546,0.001199345637004079
2020-10-14,4297.979381443299,0.0011993312528879585
2020-10-15,4298.030927835051,0.001199316869104905
2020-10-16,4298.082474226804,0.0011993024856771228
2020-10-17,4298.134020618557,0.0011992881025824076
2020-10-18,4298.18556701031,0.0011992737198429637
2020-10-19,4298.237113402062,0.0011992593374365867
2020-10-20,4298.288659793814,0.0011992449553632767
2020-10-21,4298.340206185567,0.0011992305736674425
2020-10-22,4298.3917525773195,0.0011992161923046751
2020-10-23,4298.443298969072,0.0011992018112749747
2020-10-24,4298.494845360825,0.0011991874306005457
2020-10-25,4298.546391752578,0.0011991730502591835
2020-10-26,4298.59793814433,0.0011991586702730928
2020-10-27,4298.649484536082,0.0011991442906200689
2020-10-28,4298.701030927835,0.0011991299113445208
2020-10-29,4298.7525773195875,0.0011991155323798353
2020-10-30,4298.80412371134,0.001199101153770421
2020-10-31,4298.855670103093,0.0011990867755162782
2020-11-01,4298.907216494846,0.0011990723975952022
2020-11-02,4298.958762886598,0.0011990580200293977
2020-11-03,4299.01030927835,0.0011990436427744555
2020-11-04,4299.061855670103,0.0011990292659191937
2020-11-05,4299.113402061856,0.0011990148893747943
2020-11-06,4299.164948453608,0.0011990005131856663
2020-11-07,4299.216494845361,0.0011989861373296051
2020-11-08,4299.268041237114,0.0011989717618288154
2020-11-09,4299.319587628866,0.0011989573866610925
2020-11-10,4299.371134020618,0.0011989430118264366
2020-11-11,4299.422680412371,0.0011989286373692565
2020-11-12,4299.474226804124,0.0011989142632451433
2020-11-13,4299.525773195876,0.001198899889454097
2020-11-14,4299.577319587629,0.001198885516018322
2020-11-15,4299.628865979382,0.0011988711429378185
2020-11-16,4299.680412371134,0.0011988567701681774
2020-11-17,4299.731958762886,0.001198842397776012
2020-11-18,4299.783505154639,0.0011988280257169137
2020-11-19,4299.835051546392,0.0011988136540130867
2020-11-20,4299.886597938144,0.0011987992826423266
2020-11-21,4299.938144329897,0.0011987849116268379
2020-11-22,4299.98969072165,0.001198770540944416
2020-11-23,4300.041237113402,0.0011987561705728567
2020-11-24,4300.092783505154,0.0011987418006009776
2020-11-25,4300.144329896907,0.0011987274309621654
2020-11-26,4300.19587628866,0.0011987130616564201
2020-11-27,4300.2474226804125,0.0011986986927059462
2020-11-28,4300.298969072165,0.0011986843240885392
2020-11-29,4300.350515463918,0.0011986699558264036
2020-11-30,4300.40206185567,0.0011986555878751304
2020-12-01,4300.453608247422,0.0011986412203235375
2020-12-02,4300.505154639175,0.001198626853082807
2020-12-03,4300.556701030928,0.001198612486197348
2020-12-04,4300.6082474226805,0.0011985981196449558
2020-12-05,4300.659793814433,0.001198583753447835
2020-12-06,4300.711340206186,0.001198569387583781
2020-12-07,4300.762886597938,0.001198555022052794
2020-12-08,4300.81443298969,0.001198540656899283
2020-12-09,4300.865979381443,0.0011985262920788387
2020-12-10,4300.917525773196,0.0011985119275914613
2020-12-11,4300.969072164949,0.0011984975634593553
2020-12-12,4301.020618556701,0.0011984831996603162
2020-12-13,4301.072164948454,0.0011984688362165485
2020-12-14,4301.123711340206,0.0011984544730836433
2020-12-15,4301.1752577319585,0.0011984401103504183
2020-12-16,4301.226804123711,0.0011984257479502602
2020-12-17,4301.278350515464,0.0011984113858609646
2020-12-18,4301.329896907217,0.0011983970241491448
2020-12-19,4301.381443298969,0.001198382662770392
2020-12-20,4301.432989690722,0.001198368301724706
2020-12-21,4301.484536082474,0.001198353941012087
2020-12-22,4301.5360824742265,0.0011983395806769437
2020-12-23,4301.587628865979,0.0011983252206748674
2020-12-24,4301.639175257732,0.001198310861005858
2020-12-25,4301.690721649485,0.0011982965016921199
2020-12-26,4301.742268041237,0.0011982821427336532
2020-12-27,4301.79381443299,0.001198267784086049
2020-12-28,4301.845360824742,0.001198253425793716
2020-12-29,4301.896907216495,0.001198239067878859
2020-12-30,4301.948453608247,0.0011982247102748644
2020-12-31,4302.0,0.0011982103530261412
2021-01-01,4302.097826086957,0.0022739676187155666
2021-01-02,4302.195652173913,0.0022739159105888973
2021-01-03,4302.29347826087,0.0022738642048381053
2021-01-04,4302.391304347826,0.0022738125014187816
2021-01-05,4302.489130434783,0.002273760800375335
2021-01-06,4302.586956521739,0.0022737091016411526
2021-01-07,4302.684782608696,0.0022736574053050518
2021-01-08,4302.782608695652,0.002273605711278215
2021-01-09,4302.880434782609,0.0022735540196494597
2021-01-10,4302.978260869565,0.0022735023303299684
2021-01-11,4303.076086956522,0.0022734506433863544
2021-01-12,4303.173913043478,0.0022733989587742087
2021-01-13,4303.271739130435,0.0022733472765379403
2021-01-14,4303.369565217391,0.002273295596610936
2021-01-15,4303.467391304348,0.002273243919082013
2021-01-16,4303.565217391304,0.002273192243862354
2021-01-17,4303.663043478261,0.0022731405710185726
2021-01-18,4303.760869565217,0.0022730889005062593
2021-01-19,4303.858695652174,0.0022730372323698234
2021-01-20,4303.95652173913,0.002272985566520447
2021-01-21,4304.054347826087,0.0022729339030913565
2021-01-22,4304.152173913043,0.0022728822419493255
2021-01-23,4304.25,0.002272830583227581
2021-01-24,4304.347826086957,0.0022727789267928955
2021-01-25,4304.445652173913,0.002272727272711883
2021-01-26,4304.54347826087,0.0022726756210289523
2021-01-27,4304.641304347826,0.002272623971633081
2021-01-28,4304.739130434783,0.0022725723246352914
2021-01-29,4304.836956521739,0.002272520679924561
2021-01-30,4304.934782608696,0.0022724690376119128
2021-01-31,4305.032608695652,0.0022724173976085282
2021-02-01,4305.130434782609,0.0022723657600032254
2021-02-02,4305.228260869565,0.002272314124684982
2021-02-03,4305.326086956522,0.0022722624917648204
2021-02-04,4305.423913043478,0.0022722108611539227
2021-02-05,4305.521739130435,0.002272159232918902
2021-02-06,4305.619565217391,0.00227210760701535
2021-02-07,4305.717391304348,0.0022720559834654708
2021-02-08,4305.815217391304,0.00227200436224706
2021-02-09,4305.913043478261,0.0022719527433823217
2021-02-10,4306.010869565217,0.002271901126849052
2021-02-11,4306.108695652174,0.0022718495126916594
2021-02-12,4306.20652173913,0.0022717979008435307
2021-02-13,4306.304347826087,0.002271746291393484
2021-02-14,4306.402173913043,0.0022716946842304964
2021-02-15,4306.5,0.002271643079443386
2021-02-16,4306.597826086957,0.002271591477009949
2021-02-17,4306.695652173913,0.002271539876863571
2021-02-18,4306.79347826087,0.002271488279137479
2021-02-19,4306.891304347826,0.0022714366836984468
2021-02-20,4306.989130434783,0.0022713850906352917
2021-02-21,4307.086956521739,0.0022713334998814005
2021-02-22,4307.184782608696,0.002271281911525591
2021-02-23,4307.282608695652,0.002271230325456841
2021-02-24,4307.380434782609,0.002271178741786173
2021-02-25,4307.478260869565,0.002271127160402564
2021-02-26,4307.576086956522,0.0022710755813948325
2021-02-27,4307.673913043478,0.0022710240047185692
2021-02-28,4307.771739130435,0.002270972430395979
2021-03-01,4307.869565217391,0.002270920858404857
2021-03-02,4307.967391304348,0.0022708692887674076
2021-03-03,4308.065217391304,0.0022708177214614267
2021-03-04,4308.163043478261,0.0022707661565091186
2021-03-05,4308.260869565217,0.0022707145938660744
2021-03-06,4308.358695652174,0.002270663033621112
2021-03-07,4308.45652173913,0.002270611475663209
2021-03-08,4308.554347826087,0.0022705599200811832
2021-03-09,4308.652173913043,0.0022705083668084214
2021-03-10,4308.75,0.002270456815911537
2021-03-11,4308.847826086957,0.0022704052673461206
2021-03-12,4308.945652173913,0.0022703537210899682
2021-03-13,4309.04347826087,0.0022703021772318976
2021-03-14,4309.141304347826,0.0022702506356608865
2021-03-15,4309.239130434783,0.0022701990964657526
2021-03-16,4309.336956521739,0.0022701475595798826
2021-03-17,4309.434782608696,0.00227009602506989
2021-03-18,4309.532608695652,0.002270044492869161
2021-03-19,4309.630434782609,0.002269992963022105
2021-03-20,4309.728260869565,0.0022699414355065173
2021-03-21,4309.826086956522,0.0022698899103446024
2021-03-22,4309.923913043478,0.0022698383874919514
2021-03-23,4310.021739130435,0.0022697868670151777
2021-03-24,4310.119565217391,0.002269735348847668
2021-03-25,4310.217391304348,0.0022696838330560354
2021-03-26,4310.315217391304,0.0022696323195514623
2021-03-27,4310.413043478261,0.002269580808444971
2021-03-28,4310.510869565217,0.0022695292996033345
2021-03-29,4310.608695652174,0.00226947779315978
2021-03-30,4310.70652173913,0.002269426289025489
2021-03-31,4310.804347826087,0.0022693747872670755
2021-04-01,4310.902173913043,0.002269323287773517
2021-04-02,4311.0,0.0022692717907002447
2021-04-03,4311.043956043956,0.0010196252367533631
2021-04-04,4311.087912087912,0.0010196148404695293
2021-04-05,4311.131868131868,0.001019604444452149
2021-04-06,4311.175824175824,0.001019594048634609
2021-04-07,4311.219780219781,0.001019583653016909
2021-04-08,4311.263736263736,0.001019573257599049
2021-04-09,4311.307692307692,0.0010195628624254383
2021-04-10,4311.351648351649,0.0010195524674516676
2021-04-11,4311.395604395604,0.0010195420726555326
2021-04-12,4311.43956043956,0.0010195316781258512
2021-04-13,4311.483516483517,0.00101952128379601
2021-04-14,4311.527472527472,0.0010195108896438043
2021-04-15,4311.571428571428,0.0010195004957358478
2021-04-16,4311.615384615385,0.0010194901020277314
2021-04-17,4311.659340659341,0.0010194797085416596
2021-04-18,4311.7032967032965,0.0010194693152332235
2021-04-19,4311.747252747253,0.001019458922191241
2021-04-20,4311.791208791209,0.001019448529326894
2021-04-21,4311.8351648351645,0.0010194381366623873
2021-04-22,4311.879120879121,0.0010194277442421296
2021-04-23,4311.923076923077,0.001019417352021712
2021-04-24,4311.9670329670325,0.0010194069599789302
2021-04-25,4312.010989010989,0.0010193965682026018
2021-04-26,4312.054945054945,0.0010193861766261136
2021-04-27,4312.0989010989015,0.0010193757852494656
2021-04-28,4312.142857142857,0.0010193653940504532
2021-04-29,4312.186813186813,0.0010193550031178944
2021-04-30,4312.2307692307695,0.0010193446123851757
2021-05-01,4312.274725274725,0.0010193342218300927
2021-05-02,4312.318681318681,0.0010193238315414632
2021-05-03,4312.3626373626375,0.0010193134414304694
2021-05-04,4312.406593406594,0.0010193030515415202
2021-05-05,4312.450549450549,0.0010192926618524112
2021-05-06,4312.494505494506,0.0010192822723853467
2021-05-07,4312.538461538462,0.001019271883140327
2021-05-08,4312.582417582417,0.0010192614940729428
2021-05-09,4312.626373626374,0.0010192511052498077
2021-05-10,4312.67032967033,0.0010192407166265127
2021-05-11,4312.714285714285,0.001019230328203058
2021-05-12,4312.758241758242,0.0010192199400238522
2021-05-13,4312.802197802198,0.0010192095520444866
2021-05-14,4312.846153846154,0.0010191991642649612
2021-05-15,4312.89010989011,0.0010191887766852759
2021-05-16,4312.934065934066,0.0010191783893498396
2021-05-17,4312.978021978022,0.0010191680022142435
2021-05-18,4313.021978021978,0.0010191576152562831
2021-05-19,4313.065934065934,0.0010191472285647762
2021-05-20,4313.10989010989,0.001019136842050905
2021-05-21,4313.153846153846,0.001019126455736874
2021-05-22,4313.197802197802,0.0010191160696892965
2021-05-23,4313.241758241758,0.0010191056838193546
2021-05-24,4313.285714285715,0.001019095298149253
2021-05-25,4313.32967032967,0.0010190849126789914
2021-05-26,4313.373626373626,0.0010190745274751833
2021-05-27,4313.417582417583,0.001019064142449011
2021-05-28,4313.461538461538,0.0010190537576226788
2021-05-29,4313.505494505494,0.0010190433730405957
2021-05-30,4313.549450549451,0.0010190329886583527
2021-05-31,4313.593406593406,0.0010190226044537454
2021-06-01,4313.6373626373625,0.0010190122205155916
2021-06-02,4313.681318681319,0.0010190018367550735
2021-06-03,4313.725274725275,0.0010189914532166
2021-06-04,4313.7692307692305,0.0010189810698557622
2021-06-05,4313.813186813187,0.001018970686761378
2021-06-06,4313.857142857143,0.0010189603038668338
2021-06-07,4313.9010989010985,0.0010189499211499253
2021-06-08,4313.945054945055,0.001018939538677266
2021-06-09,4313.989010989011,0.0010189291564044467
2021-06-10,4314.0329670329675,0.001018918774353672
2021-06-11,4314.076923076923,0.0010189083924805331
2021-06-12,4314.120879120879,0.0010188980108516432
2021-06-13,4314.1648351648355,0.001018887629444798
2021-06-14,4314.208791208791,0.0010188772481933839
2021-06-15,4314.252747252747,0.0010188668672306278
2021-06-16,4314.2967032967035,0.001018856486423303
2021-06-17,4314.340659340659,0.0010188461058380227
2021-06-18,4314.384615384615,0.001018835725474787
2021-06-19,4314.428571428572,0.001018825345333596
2021-06-20,4314.472527472528,0.0010188149653700407
2021-06-21,4314.516483516483,0.00101880458562853
2021-06-22,4314.56043956044,0.0010187942061312683
2021-06-23,4314.604395604396,0.0010187838268116423
2021-06-24,4314.648351648351,0.0010187734476918564
2021-06-25,4314.692307692308,0.0010187630688163196
2021-06-26,4314.736263736264,0.001018752690140623
2021-06-27,4314.780219780219,0.0010187423116647665
2021-06-28,4314.824175824176,0.001018731933433159
2021-06-29,4314.868131868132,0.0010187215554013918
2021-06-30,4314.912087912088,0.0010187111775694646
2021-07-01,4314.956043956044,0.0010187007999151731
2021-07-02,4315.0,0.0010186904225273352
2021-07-03,4315.043956043956,0.0010186800453393374
2021-07-04,4315.087912087912,0.0010186696683289753
2021-07-05,4315.131868131868,0.0010186592915850667
2021-07-06,4315.175824175824,0.0010186489150187938
2021-07-07,4315.219780219781,0.0010186385386745656
2021-07-08,4315.263736263736,0.001018628162507973
2021-07-09,4315.307692307692,0.0010186177866078339
2021-07-10,4315.351648351649,0.0010186074108853305
2021-07-11,4315.395604395604,0.0010185970353626672
2021-07-12,4315.43956043956,0.001018586660084253
2021-07-13,4315.483516483517,0.001018576285005679
2021-07-14,4315.527472527472,0.0010185659101047406
2021-07-15,4315.571428571428,0.0010185555354702558
2021-07-16,4315.615384615385,0.001018545161035611
2021-07-17,4315.659340659341,0.001018534786778602
2021-07-18,4315.7032967032965,0.0010185244127436377
2021-07-19,4315.747252747253,0.0010185140389529224
2021-07-20,4315.791208791209,0.0010185036653398427
2021-07-21,4315.8351648351645,0.0010184932919266032
2021-07-22,4315.879120879121,0.0010184829187798172
2021-07-23,4315.923076923077,0.001018472545810667
2021-07-24,4315.9670329670325,0.0010184621730191523
2021-07-25,4316.010989010989,0.0010184518004940912
2021-07-26,4316.054945054945,0.0010184414281688703
2021-07-27,4316.0989010989015,0.0010184310560434895
2021-07-28,4316.142857142857,0.0010184206841179488
2021-07-29,4316.186813186813,0.0010184103124366573
2021-07-30,4316.2307692307695,0.0010183999409330013
2021-07-31,4316.274725274725,0.0010183895696291856
2021-08-01,4316.318681318681,0.0010183791985918234
2021-08-02,4316.3626373626375,0.0010183688277320968
2021-08-03,4316.406593406594,0.0010183584570944149
2021-08-04,4316.450549450549,0.0010183480866343686
2021-08-05,4316.494505494506,0.0010183377164407759
2021-08-06,4316.538461538462,0.0010183273464248188
2021-08-07,4316.582417582417,0.001018316976608702
2021-08-08,4316.626373626374,0.001018306607036834
2021-08-09,4316.67032967033,0.0010182962376648064
2021-08-10,4316.714285714285,0.0010182858684704144
2021-08-11,4316.758241758242,0.0010182754995424759
2021-08-12,4316.802197802198,0.001018265130792173
2021-08-13,4316.846153846154,0.0010182547622639149
2021-08-14,4316.89010989011,0.0010182443939132924
2021-08-15,4316.934065934066,0.0010182340258291234
2021-08-16,4316.978021978022,0.00101822365792259
2021-08-17,4317.021978021978,0.001018213290215897
2021-08-18,4317.065934065934,0.0010182029227534528
2021-08-19,4317.10989010989,0.0010181925554908489
2021-08-20,4317.153846153846,0.0010181821884058806
2021-08-21,4317.197802197802,0.0010181718215873659
2021-08-22,4317.241758241758,0.0010181614549686913
2021-08-23,4317.285714285715,0.0010181510885276523
2021-08-24,4317.32967032967,0.001018140722308658
2021-08-25,4317.373626373626,0.0010181303563339128
2021-08-26,4317.417582417583,0.0010181199905368032
2021-08-27,4317.461538461538,0.0010181096249395338
2021-08-28,4317.505494505494,0.0010180992595865135
2021-08-29,4317.549450549451,0.0010180888944333333
2021-08-30,4317.593406593406,0.0010180785294799932
2021-08-31,4317.6373626373625,0.0010180681647709022
2021-09-01,4317.681318681319,0.001018057800239447
2021-09-02,4317.725274725275,0.0010180474359300362
2021-09-03,4317.7692307692305,0.0010180370717982612
2021-09-04,4317.813186813187,0.0010180267079329397
2021-09-05,4317.857142857143,0.0010180163442674584
2021-09-06,4317.9010989010985,0.0010180059807796127
2021-09-07,4317.945054945055,0.001017995617536016
2021-09-08,4317.989010989011,0.0010179852544922596
2021-09-09,4318.0329670329675,0.0010179748916483433
2021-09-10,4318.076923076923,0.0010179645290042671
2021-09-11,4318.120879120879,0.0010179541666266445
2021-09-12,4318.1648351648355,0.0010179438044266576
2021-09-13,4318.208791208791,0.0010179334424043063
2021-09-14,4318.252747252747,0.0010179230806484085
2021-09-15,4318.2967032967035,0.0010179127190701465
2021-09-16,4318.340659340659,0.0010179023576917245
2021-09-17,4318.384615384615,0.0010178919965797562
2021-09-18,4318.428571428572,0.0010178816356454234
2021-09-19,4318.472527472528,0.0010178712749109309
2021-09-20,4318.516483516483,0.0010178609143762785
2021-09-21,4318.56043956044,0.0010178505541080796
2021-09-22,4318.604395604396,0.0010178401940175164
2021-09-23,4318.648351648351,0.0010178298341045888
2021-09-24,4318.692307692308,0.0010178194744581148
2021-09-25,4318.736263736264,0.0010178091149892765
2021-09-26,4318.780219780219,0.0010177987557202783
2021-09-27,4318.824175824176,0.0010177883967177337
2021-09-28,4318.868131868132,0.0010177780378928247
2021-09-29,4318.912087912088,0.001017767679267756
2021-09-30,4318.956043956044,0.0010177573208425272
2021-10-01,4319.0,0.0010177469626615476
2021-10-02,4319.065934065934,0.0015266049070206122
2021-10-03,4319.131868131868,0.0015265816021514667
2021-10-04,4319.197802197802,0.0015265582979928638
2021-10-05,4319.263736263736,0.0015265349945448037
2021-10-06,4319.32967032967,0.0015265116918072863
2021-10-07,4319.395604395604,0.0015264883897803116
2021-10-08,4319.461538461538,0.0015264650884638797
2021-10-09,4319.527472527472,0.001526441787880195
2021-10-10,4319.593406593406,0.0015264184879848486
2021-10-11,4319.659340659341,0.0015263951888222493
2021-10-12,4319.725274725275,0.001526371890325784
2021-10-13,4319.791208791209,0.0015263485925842701
2021-10-14,4319.857142857143,0.0015263252955310946
2021-10-15,4319.923076923077,0.0015263019992106663
2021-10-16,4319.989010989011,0.0015262787035785763
2021-10-17,4320.054945054945,0.001526255408657029
2021-10-18,4320.120879120879,0.001526232114468229
2021-10-19,4320.186813186813,0.0015262088209677671
2021-10-20,4320.252747252747,0.0015261855282000525
2021-10-21,4320.318681318681,0.0015261622361206761
2021-10-22,4320.384615384615,0.001526138944774047
2021-10-23,4320.450549450549,0.0015261156541379606
2021-10-24,4320.516483516483,0.0015260923641902124
2021-10-25,4320.582417582417,0.0015260690749752115
2021-10-26,4320.648351648351,0.0015260457864485488
2021-10-27,4320.714285714285,0.0015260224986546334
2021-10-28,4320.780219780219,0.0015259992115712606
2021-10-29,4320.846153846154,0.0015259759251984306
2021-10-30,4320.912087912088,0.0015259526395139389
2021-10-31,4320.978021978022,0.0015259293545621944
2021-11-01,4321.043956043956,0.0015259060702987881
2021-11-02,4321.10989010989,0.001525882786768129
2021-11-03,4321.175824175824,0.0015258595039480127
2021-11-04,4321.241758241758,0.0015258362218162347
2021-11-05,4321.307692307692,0.0015258129404172038
2021-11-06,4321.373626373626,0.0015257896597287157
2021-11-07,4321.43956043956,0.0015257663797285659
2021-11-08,4321.505494505494,0.0015257431004611632
2021-11-09,4321.571428571428,0.0015257198219043033
2021-11-10,4321.6373626373625,0.0015256965440357817
2021-11-11,4321.7032967032965,0.0015256732669000073
2021-11-12,4321.7692307692305,0.001525649990452571
2021-11-13,4321.8351648351645,0.0015256267147378821
2021-11-14,4321.9010989010985,0.001525603439733736
2021-11-15,4321.9670329670325,0.001525580165417928
2021-11-16,4322.0329670329675,0.0015255568918570717
2021-11-17,4322.0989010989015,0.0015255336189401447
2021-11-18,4322.1648351648355,0.0015255103467781694
2021-11-19,4322.2307692307695,0.0015254870753045324
2021-11-20,4322.2967032967035,0.0015254638045636426
2021-11-21,4322.3626373626375,0.001525440534511091
2021-11-22,4322.428571428572,0.0015254172651690823
2021-11-23,4322.494505494506,0.0015253939965598207
2021-11-24,4322.56043956044,0.0015253707286388973
2021-11-25,4322.626373626374,0.0015253474614285167
2021-11-26,4322.692307692308,0.0015253241949508833
2021-11-27,4322.758241758242,0.0015253009291615882
2021-11-28,4322.824175824176,0.0015252776640828358
2021-11-29,4322.89010989011,0.0015252543997146262
2021-11-30,4322.956043956044,0.0015252311360569593
2021-12-01,4323.021978021978,0.0015252078731320395
2021-12-02,4323.087912087912,0.001525184610895458
2021-12-03,4323.153846153846,0.0015251613493694194
2021-12-04,4323.219780219781,0.0015251380885539234
2021-12-05,4323.285714285715,0.0015251148284267657
2021-12-06,4323.351648351649,0.0015250915690323552
2021-12-07,4323.417582417583,0.0015250683103484874
2021-12-08,4323.483516483517,0.0015250450523751624
2021-12-09,4323.549450549451,0.0015250217951123801
2021-12-10,4323.615384615385,0.001524998538537936
2021-12-11,4323.681318681319,0.0015249752826962393
2021-12-12,4323.747252747253,0.0015249520275428807
2021-12-13,4323.813186813187,0.0015249287731222694
2021-12-14,4323.879120879121,0.0015249055193899963
2021-12-15,4323.945054945055,0.0015248822663904704
2021-12-16,4324.010989010989,0.0015248590140792828
2021-12-17,4324.076923076923,0.001524835762478638
2021-12-18,4324.142857142857,0.0015248125115885358
2021-12-19,4324.208791208791,0.0015247892614089764
2021-12-20,4324.274725274725,0.0015247660119399598
2021-12-21,4324.340659340659,0.0015247427631814858
2021-12-22,4324.406593406594,0.001524719515155759
2021-12-23,4324.472527472528,0.0015246962677961662
2021-12-24,4324.538461538462,0.0015246730211693205
2021-12-25,4324.604395604396,0.001524649775230813
2021-12-26,4324.67032967033,0.0015246265300250528
2021-12-27,4324.736263736264,0.0015246032855298353
2021-12-28,4324.802197802198,0.001524580041722956
2021-12-29,4324.868131868132,0.0015245567986266195
2021-12-30,4324.934065934066,0.0015245335562630302
2021-12-31,4325.0,0.0015245103145877792
2022-01-01,4325.065934065934,0.001524487073623071
2022-01-02,4325.131868131868,0.0015244638333689053
2022-01-03,4325.197802197802,0.0015244405938252825
2022-01-04,4325.263736263736,0.0015244173549922024
2022-01-05,4325.32967032967,0.0015243941168474606
2022-01-06,4325.395604395604,0.001524370879435466
2022-01-07,4325.461538461538,0.0015243476427118097
2022-01-08,4325.527472527472,0.0015243244067209005
2022-01-09,4325.593406593406,0.0015243011714183297
2022-01-10,4325.659340659341,0.001524277936848506
2022-01-11,4325.725274725275,0.0015242547029670206
2022-01-12,4325.791208791209,0.001524231469796078
2022-01-13,4325.857142857143,0.001524208237335678
2022-01-14,4325.923076923077,0.0015241850055858208
2022-01-15,4325.989010989011,0.001524161774524302
2022-01-16,4326.054945054945,0.0015241385441955302
2022-01-17,4326.120879120879,0.0015241153145550967
2022-01-18,4326.186813186813,0.0015240920856474105
2022-01-19,4326.252747252747,0.0015240688574280625
2022-01-20,4326.318681318681,0.0015240456299192573
2022-01-21,4326.384615384615,0.0015240224031209948
2022-01-22,4326.450549450549,0.001523999177033275
2022-01-23,4326.516483516483,0.001523975951656098
2022-01-24,4326.582417582417,0.0015239527269894637
2022-01-25,4326.648351648351,0.0015239295030111677
2022-01-26,4326.714285714285,0.0015239062797656189
2022-01-27,4326.780219780219,0.0015238830572084083
2022-01-28,4326.846153846154,0.001523859835383945
2022-01-29,4326.912087912088,0.00152383661424782
2022-01-30,4326.978021978022,0.0015238133938000331
2022-01-31,4327.043956043956,0.0015237901740849935
2022-02-01,4327.10989010989,0.0015237669550804966
2022-02-02,4327.175824175824,0.0015237437367865425
2022-02-03,4327.241758241758,0.0015237205191809267
2022-02-04,4327.307692307692,0.0015236973022858535
2022-02-05,4327.373626373626,0.0015236740861013232
2022-02-06,4327.43956043956,0.0015236508706273355
2022-02-07,4327.505494505494,0.0015236276558638906
2022-02-08,4327.571428571428,0.0015236044418109884
2022-02-09,4327.6373626373625,0.001523581228468629
2022-02-10,4327.7032967032965,0.0015235580158146078
2022-02-11,4327.7692307692305,0.0015235348038711294
2022-02-12,4327.8351648351645,0.0015235115926603982
2022-02-13,4327.9010989010985,0.0015234883821380052
2022-02-14,4327.9670329670325,0.001523465172326155
2022-02-15,4328.0329670329675,0.0015234419632248475
2022-02-16,4328.0989010989015,0.0015234187548118783
2022-02-17,4328.1648351648355,0.0015233955471094518
2022-02-18,4328.2307692307695,0.001523372340117568
2022-02-19,4328.2967032967035,0.0015233491338584315
2022-02-20,4328.3626373626375,0.0015233259282654288
2022-02-21,4328.428571428572,0.0015233027234051733
2022-02-22,4328.494505494506,0.0015232795192554605
2022-02-23,4328.56043956044,0.001523256315794086
2022-02-24,4328.626373626374,0.0015232331130654586
2022-02-25,4328.692307692308,0.0015232099110251696
2022-02-26,4328.758241758242,0.0015231867096954232
2022-02-27,4328.824175824176,0.0015231635090540152
2022-02-28,4328.89010989011,0.0015231403091453544
2022-03-01,4328.956043956044,0.0015231171099250318
2022-03-02,4329.021978021978,0.0015230939114374564
2022-03-03,4329.087912087912,0.0015230707136382193
2022-03-04,4329.153846153846,0.001523047516549525
2022-03-05,4329.219780219781,0.0015230243201713733
2022-03-06,4329.285714285715,0.00152300112448156
2022-03-07,4329.351648351649,0.0015229779295022894
2022-03-08,4329.417582417583,0.001522954735255766
2022-03-09,4329.483516483517,0.0015229315416975808
2022-03-10,4329.549450549451,0.001522908348827734
2022-03-11,4329.615384615385,0.0015228851566906343
2022-03-12,4329.681318681319,0.001522861965241873
2022-03-13,4329.747252747253,0.0015228387745258587
2022-03-14,4329.813186813187,0.0015228155844981828
2022-03-15,4329.879120879121,0.0015227923951810496
2022-03-16,4329.945054945055,0.0015227692065522547
2022-03-17,4330.010989010989,0.001522746018656207
2022-03-18,4330.076923076923,0.0015227228314484975
2022-03-19,4330.142857142857,0.0015226996449513308
2022-03-20,4330.208791208791,0.0015226764591647068
2022-03-21,4330.274725274725,0.0015226532740886256
2022-03-22,4330.340659340659,0.0015226300897008826
2022-03-23,4330.406593406594,0.0015226069060680913
2022-03-24,4330.472527472528,0.0015225837230792294
2022-03-25,4330.538461538462,0.0015225605408231146
2022-03-26,4330.604395604396,0.0015225373592553382
2022-03-27,4330.67032967033,0.001522514178420309
2022-03-28,4330.736263736264,0.0015224909982736179
2022-03-29,4330.802197802198,0.0015224678188374696
2022-03-30,4330.868131868132,0.001522444640111864
2022-03-31,4330.934065934066,0.0015224214620745968
2022-04-01,4331.0,0.0015223982847700768
2022-04-02,4330.945054945055,-0.0012686459234578784
2022-04-03,4330.89010989011,-0.001268662018294453
2022-04-04,4330.8351648351645,-0.001268678113530708
2022-04-05,4330.780219780219,-0.0012686942091777453
2022-04-06,4330.725274725275,-0.0012687103052133608
2022-04-07,4330.67032967033,-0.0012687264016930655
2022-04-08,4330.615384615385,-0.0012687424985613482
2022-04-09,4330.56043956044,-0.0012687585958404135
2022-04-10,4330.505494505494,-0.0012687746935302613
2022-04-11,4330.450549450549,-0.0012687907916308916
2022-04-12,4330.395604395604,-0.0012688068901312022
2022-04-13,4330.340659340659,-0.0012688229890422953
2022-04-14,4330.285714285715,-0.0012688390883419665
2022-04-15,4330.2307692307695,-0.001268855188096829
2022-04-16,4330.175824175824,-0.0012688712882402697
2022-04-17,4330.120879120879,-0.0012688873887833907
2022-04-18,4330.065934065934,-0.0012689034897372942
2022-04-19,4330.010989010989,-0.0012689195911019802
2022-04-20,4329.956043956044,-0.0012689356928774487
2022-04-21,4329.9010989010985,-0.0012689517950636997
2022-04-22,4329.846153846154,-0.0012689678976274266
2022-04-23,4329.791208791209,-0.001268984000657447
2022-04-24,4329.736263736264,-0.0012690001040649435
2022-04-25,4329.681318681319,-0.00126901620787212
2022-04-26,4329.626373626374,-0.0012690323121011815
2022-04-27,4329.571428571428,-0.0012690484167410254
2022-04-28,4329.516483516483,-0.0012690645217805496
2022-04-29,4329.461538461538,-0.0012690806272308564
2022-04-30,4329.406593406594,-0.0012690967330697411
2022-05-01,4329.351648351649,-0.0012691128393638174
2022-05-02,4329.2967032967035,-0.0012691289460464716
2022-05-03,4329.241758241758,-0.0012691450531288062
2022-05-04,4329.186813186813,-0.0012691611606219233
2022-05-05,4329.131868131868,-0.001269177268525823
2022-05-06,4329.076923076923,-0.001269193376840505
2022-05-07,4329.021978021978,-0.0012692094855659697
2022-05-08,4328.9670329670325,-0.0012692255947022169
2022-05-09,4328.912087912088,-0.0012692417042159398
2022-05-10,4328.857142857143,-0.0012692578141848543
2022-05-11,4328.802197802198,-0.0012692739245423468
2022-05-12,4328.747252747253,-0.0012692900353106218
2022-05-13,4328.692307692308,-0.0012693061464896793
2022-05-14,4328.6373626373625,-0.0012693222580795194
2022-05-15,4328.582417582417,-0.0012693383700690397
2022-05-16,4328.527472527472,-0.0012693544824693426
2022-05-17,4328.472527472528,-0.0012693705952693257
2022-05-18,4328.417582417583,-0.001269386708513398
2022-05-19,4328.3626373626375,-0.0012694028221349463
2022-05-20,4328.307692307692,-0.0012694189361783792
2022-05-21,4328.252747252747,-0.0012694350506325947
2022-05-22,4328.197802197802,-0.0012694511654864904
2022-05-23,4328.142857142857,-0.0012694672807511687
2022-05-24,4328.087912087912,-0.0012694833964266294
2022-05-25,4328.0329670329675,-0.0012694995124906683
2022-05-26,4327.978021978022,-0.0012695156290098986
2022-05-27,4327.923076923077,-0.001269531745917707
2022-05-28,4327.868131868132,-0.0012695478632251955
2022-05-29,4327.813186813187,-0.0012695639809434667
2022-05-30,4327.758241758242,-0.0012695800990836226
2022-05-31,4327.7032967032965,-0.0012695962176234588
2022-06-01,4327.648351648351,-0.0012696123365740775
2022-06-02,4327.593406593406,-0.0012696284559354787
2022-06-03,4327.538461538462,-0.0012696445756743557
2022-06-04,4327.483516483517,-0.0012696606958795265
2022-06-05,4327.428571428572,-0.001269676816462173
2022-06-06,4327.373626373626,-0.0012696929374667043
2022-06-07,4327.318681318681,-0.001269709058870916
2022-06-08,4327.263736263736,-0.00126972518068591
2022-06-09,4327.208791208791,-0.0012697413029116866
2022-06-10,4327.153846153846,-0.0012697574255482458
2022-06-11,4327.0989010989015,-0.0012697735485622808
2022-06-12,4327.043956043956,-0.0012697896720426094
2022-06-13,4326.989010989011,-0.0012698057959004139
2022-06-14,4326.934065934066,-0.001269821920180103
2022-06-15,4326.879120879121,-0.0012698380448594726
2022-06-16,4326.824175824176,-0.0012698541699496246
2022-06-17,4326.7692307692305,-0.0012698702954505592
2022-06-18,4326.714285714285,-0.0012698864213622763
2022-06-19,4326.659340659341,-0.0012699025476625714
2022-06-20,4326.604395604396,-0.0012699186744069557
2022-06-21,4326.549450549451,-0.0012699348015510203
2022-06-22,4326.494505494506,-0.0012699509290947653
2022-06-23,4326.43956043956,-0.001269967057060395
2022-06-24,4326.384615384615,-0.0012699831854257049
2022-06-25,4326.32967032967,-0.0012699993142017973
2022-06-26,4326.274725274725,-0.0012700154433886723
2022-06-27,4326.219780219781,-0.0012700315729641254
2022-06-28,4326.1648351648355,-0.0012700477029947699
2022-06-29,4326.10989010989,-0.0012700638334139924
2022-06-30,4326.054945054945,-0.0012700799642328953
2022-07-01,4326.0,-0.0012700960954736829
2022-07-02,4325.978021978022,-0.0005080448908345581
2022-07-03,4325.956043956044,-0.0005080474719698636
2022-07-04,4325.934065934066,-0.0005080500530829646
2022-07-05,4325.912087912088,-0.0005080526342404745
2022-07-06,4325.89010989011,-0.0005080552154534956
2022-07-07,4325.868131868132,-0.0005080577966443123
2022-07-08,4325.846153846154,-0.0005080603778906401
2022-07-09,4325.824175824176,-0.0005080629591702746
2022-07-10,4325.802197802198,-0.000508065540449909
2022-07-11,4325.780219780219,-0.0005080681217850547
2022-07-12,4325.758241758242,-0.0005080707031090981
2022-07-13,4325.736263736264,-0.0005080732844886526
2022-07-14,4325.714285714285,-0.0005080758659015139
2022-07-15,4325.692307692308,-0.0005080784473032729
2022-07-16,4325.67032967033,-0.0005080810287605431
2022-07-17,4325.648351648351,-0.0005080836102511199
2022-07-18,4325.626373626374,-0.0005080861917305945
2022-07-19,4325.604395604396,-0.0005080887732655803
2022-07-20,4325.582417582417,-0.0005080913548338728
2022-07-21,4325.56043956044,-0.0005080939364021653
2022-07-22,4325.538461538462,-0.0005080965180037644
2022-07-23,4325.516483516483,-0.0005080990996608747
2022-07-24,4325.494505494506,-0.0005081016812957806
2022-07-25,4325.472527472528,-0.0005081042629861976
2022-07-26,4325.450549450549,-0.0005081068447210235
2022-07-27,4325.428571428572,-0.000508109426433645
2022-07-28,4325.406593406594,-0.0005081120082017776
2022-07-29,4325.384615384615,-0.0005081145900143191
2022-07-30,4325.3626373626375,-0.0005081171718157584
2022-07-31,4325.340659340659,-0.0005081197536727089
2022-08-01,4325.318681318681,-0.0005081223355296594
2022-08-02,4325.2967032967035,-0.0005081249174199165
2022-08-03,4325.274725274725,-0.0005081274993656848
2022-08-04,4325.252747252747,-0.0005081300812892486
2022-08-05,4325.2307692307695,-0.0005081326632683236
2022-08-06,4325.208791208791,-0.0005081352452918075
2022-08-07,4325.186813186813,-0.000508137827293087
2022-08-08,4325.1648351648355,-0.0005081404093498776
2022-08-09,4325.142857142857,-0.0005081429914510771
2022-08-10,4325.120879120879,-0.0005081455735411744
2022-08-11,4325.0989010989015,-0.0005081481556645784
2022-08-12,4325.076923076923,-0.0005081507378434935
2022-08-13,4325.054945054945,-0.0005081533200113064
2022-08-14,4325.0329670329675,-0.0005081559022235282
2022-08-15,4325.010989010989,-0.000508158484480159
2022-08-16,4324.989010989011,-0.0005081610667256875
2022-08-17,4324.9670329670325,-0.0005081636490378294
2022-08-18,4324.945054945055,-0.0005081662313277668
2022-08-19,4324.923076923077,-0.0005081688136732154
2022-08-20,4324.9010989010985,-0.0005081713960630729
2022-08-21,4324.879120879121,-0.000508173978430726
2022-08-22,4324.857142857143,-0.0005081765608538902
2022-08-23,4324.8351648351645,-0.0005081791433214633
2022-08-24,4324.813186813187,-0.0005081817257779342
2022-08-25,4324.791208791209,-0.000508184308278814
2022-08-26,4324.7692307692305,-0.0005081868908241027
2022-08-27,4324.747252747253,-0.0005081894733582892
2022-08-28,4324.725274725275,-0.0005081920559368847
2022-08-29,4324.7032967032965,-0.000508194638559889
2022-08-30,4324.681318681319,-0.0005081972211717911
2022-08-31,4324.659340659341,-0.0005081998038281021
2022-09-01,4324.6373626373625,-0.0005082023865288221
2022-09-02,4324.615384615385,-0.0005082049692184398
2022-09-03,4324.593406593406,-0.0005082075519746709
2022-09-04,4324.571428571428,-0.0005082101347197998
2022-09-05,4324.549450549451,-0.0005082127175093376
2022-09-06,4324.527472527472,-0.0005082153003432843
2022-09-07,4324.505494505494,-0.0005082178831661288
2022-09-08,4324.483516483517,-0.0005082204660333822
2022-09-09,4324.461538461538,-0.0005082230489450446
2022-09-10,4324.43956043956,-0.0005082256318456047
2022-09-11,4324.417582417583,-0.0005082282147905737
2022-09-12,4324.395604395604,-0.0005082307977799516
2022-09-13,4324.373626373626,-0.0005082333807582273
2022-09-14,4324.351648351649,-0.000508235963780912
2022-09-15,4324.32967032967,-0.0005082385468591077
2022-09-16,4324.307692307692,-0.0005082411299150991
2022-09-17,4324.285714285715,-0.0005082437130154993
2022-09-18,4324.263736263736,-0.0005082462961714107
2022-09-19,4324.241758241758,-0.0005082488793051176
2022-09-20,4324.219780219781,-0.0005082514624832335
2022-09-21,4324.197802197802,-0.0005082540457168605
2022-09-22,4324.175824175824,-0.000508256628928283
2022-09-23,4324.153846153846,-0.000508259212206319
2022-09-24,4324.131868131868,-0.0005082617954732527
2022-09-25,4324.10989010989,-0.0005082643787956975
2022-09-26,4324.087912087912,-0.0005082669621514491
2022-09-27,4324.065934065934,-0.0005082695454960984
2022-09-28,4324.043956043956,-0.0005082721288851566
2022-09-29,4324.021978021978,-0.000508274712329726
2022-09-30,4324.0,-0.0005082772957520909
2022-10-01,4324.04347826087,0.0010055101958839074
2022-10-02,4324.086956521739,0.001005500085460298
2022-10-03,4324.130434782609,0.0010054899752809376
2022-10-04,4324.173913043478,0.0010054798652570085
2022-10-05,4324.217391304348,0.0010054697554773284
2022-10-06,4324.260869565217,0.001005459645875284
2022-10-07,4324.304347826087,0.0010054495364952842
2022-10-08,4324.347826086957,0.0010054394273151246
2022-10-09,4324.391304347826,0.0010054293183126006
2022-10-10,4324.434782608696,0.0010054192095543257
2022-10-11,4324.478260869565,0.001005409100951482
2022-10-12,4324.521739130435,0.0010053989925928875
2022-10-13,4324.565217391304,0.0010053888844119285
2022-10-14,4324.608695652174,0.0010053787764530142
2022-10-15,4324.652173913043,0.0010053686686717356
2022-10-16,4324.695652173913,0.001005358561134706
2022-10-17,4324.739130434783,0.0010053484537753121
2022-10-18,4324.782608695652,0.0010053383466157584
2022-10-19,4324.826086956522,0.0010053282396782492
2022-10-20,4324.869565217391,0.0010053181329183758
2022-10-21,4324.913043478261,0.001005308026380547
2022-10-22,4324.95652173913,0.0010052979200203538
2022-10-23,4325.0,0.0010052878139044097
2022-10-24,4325.04347826087,0.0010052777079661013
2022-10-25,4325.086956521739,0.001005267602227633
2022-10-26,4325.130434782609,0.0010052574967112093
2022-10-27,4325.173913043478,0.0010052473913724214
2022-10-28,4325.217391304348,0.0010052372862778824
2022-10-29,4325.260869565217,0.0010052271813387748
2022-10-30,4325.304347826087,0.0010052170766439161
2022-10-31,4325.347826086957,0.0010052069721266932
2022-11-01,4325.391304347826,0.001005196867787106
2022-11-02,4325.434782608696,0.0010051867637139722
2022-11-03,4325.478260869565,0.0010051766597962697
2022-11-04,4325.521739130435,0.0010051665561006118
2022-11-05,4325.565217391304,0.0010051564525825896
2022-11-06,4325.608695652174,0.0010051463493088164
2022-11-07,4325.652173913043,0.001005136246212679
2022-11-08,4325.695652173913,0.001005126143338586
2022-11-09,4325.739130434783,0.0010051160406643334
2022-11-10,4325.782608695652,0.0010051059381455119
2022-11-11,4325.826086956522,0.0010050958358931439
2022-11-12,4325.869565217391,0.0010050857337962071
2022-11-13,4325.913043478261,0.0010050756319435195
2022-11-14,4325.95652173913,0.0010050655302684675
2022-11-15,4326.0,0.00100505542881546
2022-11-16,4326.04347826087,0.0010050453275622928
2022-11-17,4326.086956521739,0.0010050352264645568
2022-11-18,4326.130434782609,0.0010050251256332743
2022-11-19,4326.173913043478,0.001005015024957423
2022-11-20,4326.217391304348,0.0010050049245258208
2022-11-21,4326.260869565217,0.0010049948242718543
2022-11-22,4326.304347826087,0.0010049847242399323
2022-11-23,4326.347826086957,0.0010049746244078506
2022-11-24,4326.391304347826,0.0010049645247312
2022-11-25,4326.434782608696,0.001004954425321003
2022-11-26,4326.478260869565,0.0010049443260662372
2022-11-27,4326.521739130435,0.0010049342270557204
2022-11-28,4326.565217391304,0.0010049241282228394
2022-11-29,4326.608695652174,0.001004914029612003
2022-11-30,4326.652173913043,0.0010049039311788022
2022-12-01,4326.695652173913,0.001004893832967646
2022-12-02,4326.739130434783,0.00100488373495633
2022-12-03,4326.782608695652,0.0010048736371226497
2022-12-04,4326.826086956522,0.0010048635395332184
2022-12-05,4326.869565217391,0.0010048534421214228
2022-12-06,4326.913043478261,0.0010048433449316718
2022-12-07,4326.95652173913,0.0010048332479195565
2022-12-08,4327.0,0.0010048231511294858
2022-12-09,4327.04347826087,0.0010048130545392553
2022-12-10,4327.086956521739,0.0010048029581266604
2022-12-11,4327.130434782609,0.0010047928619583146
2022-12-12,4327.173913043478,0.0010047827659454
2022-12-13,4327.217391304348,0.001004772670198939
2022-12-14,4327.260869565217,0.0010047625745857047
2022-12-15,4327.304347826087,0.001004752479238924
2022-12-16,4327.347826086957,0.001004742384069779
2022-12-17,4327.391304347826,0.0010047322890782695
2022-12-18,4327.434782608696,0.0010047221943310092
2022-12-19,4327.478260869565,0.00100471209973918
2022-12-20,4327.521739130435,0.0010047020053916
2022-12-21,4327.565217391304,0.0010046919112216557
2022-12-22,4327.608695652174,0.001004681817273756
2022-12-23,4327.652173913043,0.0010046717235034919
2022-12-24,4327.695652173913,0.0010046616299774769
2022-12-25,4327.739130434783,0.0010046515366290976
2022-12-26,4327.782608695652,0.001004641443458354
2022-12-27,4327.826086956522,0.0010046313505318594
2022-12-28,4327.869565217391,0.0010046212577830005
2022-12-29,4327.913043478261,0.0010046111652561862
2022-12-30,4327.95652173913,0.0010046010729070076
2022-12-31,4328.0,0.001004590980802078
2023-01-01,4327.966666666666,-0.0007701786814640066
2023-01-02,4327.933333333333,-0.0007701846132412982
2023-01-03,4327.9,-0.0007701905451518165
2023-01-04,4327.866666666667,-0.0007701964771067438
2023-01-05,4327.833333333333,-0.000770202409206
2023-01-06,4327.8,-0.0007702083413496652
2023-01-07,4327.766666666666,-0.0007702142736154549
2023-01-08,4327.733333333334,-0.000770220205947858
2023-01-09,4327.7,-0.0007702261384023856
2023-01-10,4327.666666666667,-0.0007702320709124244
2023-01-11,4327.633333333333,-0.0007702380035556899
2023-01-12,4327.6,-0.0007702439362433644
2023-01-13,4327.566666666667,-0.0007702498690642656
2023-01-14,4327.533333333334,-0.000770255801940678
2023-01-15,4327.5,-0.0007702617349503171
2023-01-16,4327.466666666666,-0.0007702676680265697
2023-01-17,4327.433333333333,-0.0007702736011694356
2023-01-18,4327.4,-0.0007702795344566304
2023-01-19,4327.366666666667,-0.0007702854677882343
2023-01-20,4327.333333333333,-0.0007702914012419626
2023-01-21,4327.3,-0.0007702973347623043
2023-01-22,4327.266666666666,-0.0007703032684047706
2023-01-23,4327.233333333334,-0.000770309202102748
2023-01-24,4327.2,-0.0007703151359339522
2023-01-25,4327.166666666667,-0.0007703210698095653
2023-01-26,4327.133333333333,-0.0007703270038184051
2023-01-27,4327.1,-0.0007703329378827561
2023-01-28,4327.066666666667,-0.0007703388720803339
2023-01-29,4327.033333333334,-0.0007703448063223206
2023-01-30,4327.0,-0.0007703507406975341
2023-01-31,4326.966666666666,-0.0007703566751504631
2023-02-01,4326.933333333333,-0.0007703626096700056
2023-02-02,4326.9,-0.0007703685443227748
2023-02-03,4326.866666666667,-0.0007703744790199529
2023-02-04,4326.833333333333,-0.0007703804138614601
2023-02-05,4326.8,-0.0007703863487473761
2023-02-06,4326.766666666666,-0.0007703922837554167
2023-02-07,4326.733333333334,-0.0007703982188300706
2023-02-08,4326.7,-0.0007704041540268491
2023-02-09,4326.666666666667,-0.0007704100892791388
2023-02-10,4326.633333333333,-0.0007704160246646552
2023-02-11,4326.6,-0.0007704219600945805
2023-02-12,4326.566666666667,-0.0007704278956577326
2023-02-13,4326.533333333334,-0.0007704338312763959
2023-02-14,4326.5,-0.0007704397670282859
2023-02-15,4326.466666666666,-0.0007704457028467893
2023-02-16,4326.433333333333,-0.0007704516387430083
2023-02-17,4326.4,-0.0007704575747613518
2023-02-18,4326.366666666667,-0.0007704635108352065
2023-02-19,4326.333333333333,-0.0007704694470422879
2023-02-20,4326.3,-0.0007704753833048805
2023-02-21,4326.266666666666,-0.0007704813196895977
2023-02-22,4326.233333333334,-0.0007704872561298259
2023-02-23,4326.2,-0.000770493192703281
2023-02-24,4326.166666666667,-0.000770499129321145
2023-02-25,4326.133333333333,-0.0007705050660833379
2023-02-26,4326.1,-0.0007705110028899398
2023-02-27,4326.066666666667,-0.0007705169398297684
2023-02-28,4326.033333333334,-0.000770522876814006
2023-03-01,4326.0,-0.0007705288139314703
2023-03-02,4325.966666666666,-0.0007705347511266503
2023-03-03,4325.933333333333,-0.0007705406883884436
2023-03-04,4325.9,-0.0007705466257834637
2023-03-05,4325.866666666667,-0.0007705525632339949
2023-03-06,4325.833333333333,-0.0007705585008066507
2023-03-07,4325.8,-0.0007705644384348176
2023-03-08,4325.766666666666,-0.0007705703762073135
2023-03-09,4325.733333333334,-0.0007705763140131161
2023-03-10,4325.7,-0.0007705822519632477
2023-03-11,4325.666666666667,-0.0007705881899577882
2023-03-12,4325.633333333333,-0.0007705941280855555
2023-03-13,4325.6,-0.0007706000662577317
2023-03-14,4325.566666666667,-0.0007706060045742369
2023-03-15,4325.533333333334,-0.000770611942935151
2023-03-16,4325.5,-0.0007706178814292919
2023-03-17,4325.466666666666,-0.0007706238199900461
2023-03-18,4325.433333333333,-0.000770629758628516
2023-03-19,4325.4,-0.0007706356974002126
2023-03-20,4325.366666666667,-0.0007706416362163182
2023-03-21,4325.333333333333,-0.0007706475751656505
2023-03-22,4325.3,-0.000770653514170494
2023-03-23,4325.266666666666,-0.0007706594533085642
2023-03-24,4325.233333333334,-0.0007706653924910434
2023-03-25,4325.2,-0.0007706713318067493
2023-03-26,4325.166666666667,-0.0007706772711779664
2023-03-27,4325.133333333333,-0.000770683210671308
2023-03-28,4325.1,-0.0007706891502312629
2023-03-29,4325.066666666667,-0.0007706950899133425
2023-03-30,4325.033333333334,-0.0007707010296398309
2023-03-31,4325.0,-0.0007707069695106483
2023-04-01,4324.989010989011,-0.000254081178929777
2023-04-02,4324.978021978022,-0.00025408182450226136
2023-04-03,4324.9670329670325,-0.0002540824701080524
2023-04-04,4324.956043956044,-0.00025408311566943453
2023-04-05,4324.945054945055,-0.0002540837612530211
2023-04-06,4324.934065934066,-0.0002540844068366077
2023-04-07,4324.923076923077,-0.00025408505243129653
2023-04-08,4324.912087912088,-0.00025408569802598535
2023-04-09,4324.9010989010985,-0.00025408634364287863
2023-04-10,4324.89010989011,-0.000254086989215363
2023-04-11,4324.879120879121,-0.00025408763482115404
2023-04-12,4324.868131868132,-0.0002540882804269451
2023-04-13,4324.857142857143,-0.00025408892604383837
2023-04-14,4324.846153846154,-0.0002540895716496294
2023-04-15,4324.8351648351645,-0.00025409021728872716
2023-04-16,4324.824175824176,-0.000254090862883416
2023-04-17,4324.813186813187,-0.0002540915085114115
2023-04-18,4324.802197802198,-0.000254092154139407
2023-04-19,4324.791208791209,-0.0002540927997674025
2023-04-20,4324.780219780219,-0.0002540934454176025
2023-04-21,4324.7692307692305,-0.00025409409103449576
2023-04-22,4324.758241758242,-0.0002540947366735935
2023-04-23,4324.747252747253,-0.00025409538232379347
2023-04-24,4324.736263736264,-0.0002540960279628912
2023-04-25,4324.725274725275,-0.0002540966736130912
2023-04-26,4324.714285714285,-0.0002540973192854956
2023-04-27,4324.7032967032965,-0.00025409796492459336
2023-04-28,4324.692307692308,-0.00025409861058589556
2023-04-29,4324.681318681319,-0.00025409925624719776
2023-04-30,4324.67032967033,-0.00025409990190849996
2023-05-01,4324.659340659341,-0.0002541005475809044
2023-05-02,4324.648351648351,-0.0002541011932755133
2023-05-03,4324.6373626373625,-0.0002541018389368155
2023-05-04,4324.626373626374,-0.0002541024846092199
2023-05-05,4324.615384615385,-0.0002541031302927266
2023-05-06,4324.604395604396,-0.00025410377597623324
2023-05-07,4324.593406593406,-0.0002541044216930466
2023-05-08,4324.582417582417,-0.0002541050673543488
2023-05-09,4324.571428571428,-0.0002541057130600599
2023-05-10,4324.56043956044,-0.0002541063587546688
2023-05-11,4324.549450549451,-0.0002541070044603799
2023-05-12,4324.538461538462,-0.00025410765016609105
2023-05-13,4324.527472527472,-0.00025410829589400663
2023-05-14,4324.516483516483,-0.0002541089415775133
2023-05-15,4324.505494505494,-0.00025410958729432664
2023-05-16,4324.494505494506,-0.00025411023301114
2023-05-17,4324.483516483517,-0.0002541108787390556
2023-05-18,4324.472527472528,-0.00025411152446697116
2023-05-19,4324.461538461538,-0.000254112170205989
2023-05-20,4324.450549450549,-0.0002541128159228023
2023-05-21,4324.43956043956,-0.00025411346166182014
2023-05-22,4324.428571428572,-0.0002541141073897357
2023-05-23,4324.417582417583,-0.00025411475313985576
2023-05-24,4324.406593406594,-0.0002541153988788736
2023-05-25,4324.395604395604,-0.0002541160446511981
2023-05-26,4324.384615384615,-0.00025411669037911366
2023-05-27,4324.373626373626,-0.00025411733614033594
2023-05-28,4324.3626373626375,-0.000254117981890456
2023-05-29,4324.351648351649,-0.00025411862765167825
2023-05-30,4324.340659340659,-0.000254119273435105
2023-05-31,4324.32967032967,-0.00025411991918522503
2023-06-01,4324.318681318681,-0.00025412056495754953
2023-06-02,4324.307692307692,-0.00025412121072987404
2023-06-03,4324.2967032967035,-0.00025412185651330077
2023-06-04,4324.285714285715,-0.0002541225022856253
2023-06-05,4324.274725274725,-0.00025412314809125647
2023-06-06,4324.263736263736,-0.00025412379386358097
2023-06-07,4324.252747252747,-0.0002541244396470077
2023-06-08,4324.241758241758,-0.00025412508544153667
2023-06-09,4324.2307692307695,-0.00025412573124716786
2023-06-10,4324.219780219781,-0.0002541263770416968
2023-06-11,4324.208791208791,-0.0002541270228695325
2023-06-12,4324.197802197802,-0.0002541276686529592
2023-06-13,4324.186813186813,-0.00025412831446969264
2023-06-14,4324.175824175824,-0.00025412896027532383
2023-06-15,4324.1648351648355,-0.00025412960609205726
2023-06-16,4324.153846153846,-0.0002541302519420974
2023-06-17,4324.142857142857,-0.00025413089773662634
2023-06-18,4324.131868131868,-0.000254131543564462
2023-06-19,4324.120879120879,-0.00025413218939229765
2023-06-20,4324.10989010989,-0.00025413283523123553
2023-06-21,4324.0989010989015,-0.0002541334810701734
2023-06-22,4324.087912087912,-0.00025413412693131576
2023-06-23,4324.076923076923,-0.0002541347727480492
2023-06-24,4324.065934065934,-0.0002541354185980893
2023-06-25,4324.054945054945,-0.0002541360644481294
2023-06-26,4324.043956043956,-0.00025413671029816953
2023-06-27,4324.0329670329675,-0.0002541373561593119
2023-06-28,4324.021978021978,-0.00025413800203155645
2023-06-29,4324.010989010989,-0.00025413864788159657
2023-06-30,4324.0,-0.0002541392937427389
2023-07-01,4324.0,0.0
2023-07-02,4324.0,0.0
2023-07-03,4324.0,0.0
2023-07-04,4324.0,0.0
2023-07-05,4324.0,0.0
2023-07-06,4324.0,0.0
2023-07-07,4324.0,0.0
2023-07-08,4324.0,0.0
2023-07-09,4324.0,0.0
2023-07-10,4324.0,0.0
2023-07-11,4324.0,0.0
2023-07-12,4324.0,0.0
2023-07-13,4324.0,0.0
2023-07-14,4324.0,0.0
2023-07-15,4324.0,0.0
2023-07-16,4324.0,0.0
2023-07-17,4324.0,0.0
2023-07-18,4324.0,0.0
2023-07-19,4324.0,0.0
2023-07-20,4324.0,0.0
2023-07-21,4324.0,0.0
2023-07-22,4324.0,0.0
2023-07-23,4324.0,0.0
2023-07-24,4324.0,0.0
2023-07-25,4324.0,0.0
2023-07-26,4324.0,0.0
2023-07-27,4324.0,0.0
2023-07-28,4324.0,0.0
2023-07-29,4324.0,0.0
2023-07-30,4324.0,0.0
2023-07-31,4324.0,0.0
2023-08-01,4324.0,0.0
2023-08-02,4324.0,0.0
2023-08-03,4324.0,0.0
2023-08-04,4324.0,0.0
2023-08-05,4324.0,0.0
2023-08-06,4324.0,0.0
2023-08-07,4324.0,0.0
2023-08-08,4324.0,0.0
2023-08-09,4324.0,0.0
2023-08-10,4324.0,0.0
2023-08-11,4324.0,0.0
2023-08-12,4324.0,0.0
2023-08-13,4324.0,0.0
2023-08-14,4324.0,0.0
2023-08-15,4324.0,0.0
2023-08-16,4324.0,0.0
2023-08-17,4324.0,0.0
2023-08-18,4324.0,0.0
2023-08-19,4324.0,0.0
2023-08-20,4324.0,0.0
2023-08-21,4324.0,0.0
2023-08-22,4324.0,0.0
2023-08-23,4324.0,0.0
2023-08-24,4324.0,0.0
2023-08-25,4324.0,0.0
2023-08-26,4324.0,0.0
2023-08-27,4324.0,0.0
2023-08-28,4324.0,0.0
2023-08-29,4324.0,0.0
2023-08-30,4324.0,0.0
2023-08-31,4324.0,0.0
2023-09-01,4324.0,0.0
2023-09-02,4324.0,0.0
2023-09-03,4324.0,0.0
2023-09-04,4324.0,0.0
2023-09-05,4324.0,0.0
2023-09-06,4324.0,0.0
2023-09-07,4324.0,0.0
2023-09-08,4324.0,0.0
2023-09-09,4324.0,0.0
2023-09-10,4324.0,0.0
2023-09-11,4324.0,0.0
2023-09-12,4324.0,0.0
2023-09-13,4324.0,0.0
2023-09-14,4324.0,0.0
2023-09-15,4324.0,0.0
2023-09-16,4324.0,0.0
2023-09-17,4324.0,0.0
2023-09-18,4324.0,0.0
2023-09-19,4324.0,0.0
2023-09-20,4324.0,0.0
2023-09-21,4324.0,0.0
2023-09-22,4324.0,0.0
2023-09-23,4324.0,0.0
2023-09-24,4324.0,0.0
2023-09-25,4324.0,0.0
2023-09-26,4324.0,0.0
2023-09-27,4324.0,0.0
2023-09-28,4324.0,0.0
2023-09-29,4324.0,0.0
2023-09-30,4323.8279569892475,-0.003978793033132533
2023-10-01,4323.655913978495,-0.003978951347372028
2023-10-02,4323.4838709677415,-0.003979109674223658
2023-10-03,4323.311827956989,-0.003979268013643011
2023-10-04,4323.139784946236,-0.003979426365685601
2023-10-05,4322.967741935484,-0.003979584730329222
2023-10-06,4322.795698924731,-0.003979743107573874
2023-10-07,4322.623655913979,-0.00397990149743066
2023-10-08,4322.451612903225,-0.003980059899921784
2023-10-09,4322.279569892473,-0.00398021831496953
2023-10-10,4322.10752688172,-0.0039803767426516146
2023-10-11,4321.935483870968,-0.003980535182956935
2023-10-12,4321.763440860215,-0.003980693635863286
2023-10-13,4321.591397849463,-0.003980852101392873
2023-10-14,4321.419354838709,-0.0039810105795567985
2023-10-15,4321.247311827957,-0.003981169070288448
2023-10-16,4321.075268817204,-0.003981327573676641
2023-10-17,4320.903225806452,-0.003981486089676967
2023-10-18,4320.731182795699,-0.003981644618300528
2023-10-19,4320.559139784947,-0.003981803159558428
2023-10-20,4320.387096774193,-0.003981961713450666
2023-10-21,4320.215053763441,-0.003982120279943935
2023-10-22,4320.043010752688,-0.003982278859071542
2023-10-23,4319.870967741936,-0.003982437450833487
2023-10-24,4319.698924731183,-0.00398259605522977
2023-10-25,4319.5268817204305,-0.003982754672260391
2023-10-26,4319.354838709677,-0.003982913301947555
2023-10-27,4319.182795698925,-0.00398307194423575
2023-10-28,4319.010752688172,-0.003983230599169385
2023-10-29,4318.8387096774195,-0.0039833892667484605
2023-10-30,4318.666666666667,-0.003983547946972976
2023-10-31,4318.4946236559135,-0.003983706639865137
2023-11-01,4318.322580645161,-0.003983865345347226
2023-11-02,4318.1505376344085,-0.00398402406349696
2023-11-03,4317.978494623656,-0.003984182794303237
2023-11-04,4317.806451612903,-0.003984341537754954
2023-11-05,4317.634408602151,-0.003984500293852111
2023-11-06,4317.462365591397,-0.003984659062628015
2023-11-07,4317.290322580645,-0.003984817844016053
2023-11-08,4317.118279569892,-0.0039849766380717355
2023-11-09,4316.94623655914,-0.00398513544478396
2023-11-10,4316.774193548387,-0.00398529426416383
2023-11-11,4316.602150537635,-0.003985453096200242
2023-11-12,4316.430107526881,-0.003985611940915401
2023-11-13,4316.258064516129,-0.003985770798242694
2023-11-14,4316.086021505376,-0.003985929668270938
2023-11-15,4315.913978494624,-0.003986088550955724
2023-11-16,4315.741935483871,-0.003986247446308155
2023-11-17,4315.569892473119,-0.003986406354328231
2023-11-18,4315.397849462365,-0.003986565275038156
2023-11-19,4315.225806451613,-0.0039867242083824195
2023-11-20,4315.05376344086,-0.003986883154416532
2023-11-21,4314.881720430108,-0.003987042113129391
2023-11-22,4314.709677419355,-0.003987201084509895
2023-11-23,4314.537634408603,-0.003987360068580248
2023-11-24,4314.365591397849,-0.00398751906534045
2023-11-25,4314.193548387097,-0.003987678074746093
2023-11-26,4314.021505376344,-0.003987837096852687
2023-11-27,4313.8494623655915,-0.0039879961316380275
2023-11-28,4313.677419354839,-0.0039881551791132175
2023-11-29,4313.5053763440865,-0.003988314239278257
2023-11-30,4313.333333333333,-0.003988473312144247
2023-12-01,4313.1612903225805,-0.00398863239766678
2023-12-02,4312.989247311828,-0.003988791495890265
2023-12-03,4312.817204301075,-0.003988950606814701
2023-12-04,4312.645161290323,-0.003989109730428986
2023-12-05,4312.4731182795695,-0.003989268866766427
2023-12-06,4312.301075268817,-0.003989428015749308
2023-12-07,4312.129032258064,-0.003989587177466447
2023-12-08,4311.956989247312,-0.0039897463518734355
2023-12-09,4311.784946236559,-0.003989905538981375
2023-12-10,4311.612903225807,-0.003990064738801369
2023-12-11,4311.440860215053,-0.003990223951333416
2023-12-12,4311.268817204301,-0.00399038317654421
2023-12-13,4311.096774193548,-0.00399054241447816
2023-12-14,4310.924731182796,-0.003990701665113061
2023-12-15,4310.752688172043,-0.003990860928471118
2023-12-16,4310.580645161291,-0.003991020204541229
2023-12-17,4310.408602150537,-0.003991179493334496
2023-12-18,4310.236559139785,-0.003991338794806509
2023-12-19,4310.064516129032,-0.003991498109023883
2023-12-20,4309.89247311828,-0.003991657435953311
2023-12-21,4309.720430107527,-0.003991816775605894
2023-12-22,4309.548387096775,-0.0039919761279816335
2023-12-23,4309.376344086021,-0.003992135493091631
2023-12-24,4309.204301075269,-0.003992294870891477
2023-12-25,4309.032258064516,-0.0039924542614477865
2023-12-26,4308.860215053764,-0.003992613664716149
2023-12-27,4308.688172043011,-0.00399277308071877
2023-12-28,4308.5161290322585,-0.003992932509455649
2023-12-29,4308.344086021505,-0.003993091950937888
2023-12-30,4308.1720430107525,-0.003993251405121079
2023-12-31,4308.0,-0.003993410872060732
2024-01-01,4308.0,0.0
2024-01-02,4308.0,0.0
2024-01-03,4308.0,0.0
2024-01-04,4308.0,0.0
2024-01-05,4308.0,0.0
2024-01-06,4308.0,0.0
2024-01-07,4308.0,0.0
2024-01-08,4308.0,0.0
2024-01-09,4308.0,0.0
2024-01-10,4308.0,0.0
2024-01-11,4308.0,0.0
2024-01-12,4308.0,0.0
2024-01-13,4308.0,0.0
2024-01-14,4308.0,0.0
2024-01-15,4308.0,0.0
2024-01-16,4308.0,0.0
2024-01-17,4308.0,0.0
2024-01-18,4308.0,0.0
2024-01-19,4308.0,0.0
2024-01-20,4308.0,0.0
2024-01-21,4308.0,0.0
2024-01-22,4308.0,0.0
2024-01-23,4308.0,0.0
2024-01-24,4308.0,0.0
2024-01-25,4308.0,0.0
2024-01-26,4308.0,0.0
2024-01-27,4308.0,0.0
2024-01-28,4308.0,0.0
2024-01-29,4308.0,0.0
2024-01-30,4308.0,0.0
2024-01-31,4308.0,0.0
2024-02-01,4308.0,0.0
2024-02-02,4308.0,0.0
2024-02-03,4308.0,0.0
2024-02-04,4308.0,0.0
2024-02-05,4308.0,0.0
2024-02-06,4308.0,0.0
2024-02-07,4308.0,0.0
2024-02-08,4308.0,0.0
2024-02-09,4308.0,0.0
2024-02-10,4308.0,0.0
2024-02-11,4308.0,0.0
2024-02-12,4308.0,0.0
2024-02-13,4308.0,0.0
2024-02-14,4308.0,0.0
2024-02-15,4308.0,0.0
2024-02-16,4308.0,0.0
2024-02-17,4308.0,0.0
2024-02-18,4308.0,0.0
2024-02-19,4308.0,0.0
2024-02-20,4308.0,0.0
2024-02-21,4308.0,0.0
2024-02-22,4308.0,0.0
2024-02-23,4308.0,0.0
2024-02-24,4308.0,0.0
2024-02-25,4308.0,0.0
2024-02-26,4308.0,0.0
2024-02-27,4308.0,0.0
2024-02-28,4308.0,0.0
2024-02-29,4308.0,0.0
2024-03-01,4308.0,0.0
2024-03-02,4308.0,0.0
2024-03-03,4308.0,0.0
2024-03-04,4308.0,0.0
2024-03-05,4308.0,0.0
2024-03-06,4308.0,0.0
2024-03-07,4308.0,0.0
2024-03-08,4308.0,0.0
2024-03-09,4308.0,0.0
2024-03-10,4308.0,0.0
2024-03-11,4308.0,0.0
2024-03-12,4308.0,0.0
2024-03-13,4308.0,0.0
2024-03-14,4308.0,0.0
2024-03-15,4308.0,0.0
2024-03-16,4308.0,0.0
2024-03-17,4308.0,0.0
2024-03-18,4308.0,0.0
2024-03-19,4308.0,0.0
2024-03-20,4308.0,0.0
2024-03-21,4308.0,0.0
2024-03-22,4308.0,0.0
2024-03-23,4308.0,0.0
2024-03-24,4308.0,0.0
2024-03-25,4308.0,0.0
2024-03-26,4308.0,0.0
2024-03-27,4308.0,0.0
2024-03-28,4308.0,0.0
2024-03-29,4308.0,0.0
2024-03-30,4308.010989010989,0.00025508382053285317
2024-03-31,4308.021978021978,0.0002550831698533429
2024-04-01,4308.0329670329675,0.00025508251921824154
2024-04-02,4308.043956043956,0.0002550818685165268
2024-04-03,4308.054945054945,0.000255081217859221
2024-04-04,4308.065934065934,0.0002550805672019152
2024-04-05,4308.076923076923,0.0002550799165446094
2024-04-06,4308.087912087912,0.00025507926588730356
2024-04-07,4308.0989010989015,0.0002550786152522022
2024-04-08,4308.10989010989,0.00025507796457269194
2024-04-09,4308.120879120879,0.0002550773139375906
2024-04-10,4308.131868131868,0.0002550766632802848
2024-04-11,4308.142857142857,0.0002550760126451834
2024-04-12,4308.153846153846,0.0002550753620100821
2024-04-13,4308.1648351648355,0.0002550747113971852
2024-04-14,4308.175824175824,0.00025507406073987937
2024-04-15,4308.186813186813,0.0002550734101269825
2024-04-16,4308.197802197802,0.00025507275949188113
2024-04-17,4308.208791208791,0.00025507210887898424
2024-04-18,4308.219780219781,0.0002550714582882918
2024-04-19,4308.2307692307695,0.00025507080765319046
2024-04-20,4308.241758241758,0.00025507015704029357
2024-04-21,4308.252747252747,0.0002550695064273967
2024-04-22,4308.263736263736,0.00025506885583670424
2024-04-23,4308.274725274725,0.00025506820522380735
2024-04-24,4308.285714285715,0.0002550675546553194
2024-04-25,4308.2967032967035,0.0002550669040424225
2024-04-26,4308.307692307692,0.00025506625345173006
2024-04-27,4308.318681318681,0.00025506560286103763
2024-04-28,4308.32967032967,0.00025506495229254966
2024-04-29,4308.340659340659,0.00025506430170185723
2024-04-30,4308.351648351649,0.0002550636511555737
2024-05-01,4308.3626373626375,0.0002550630005648813
2024-05-02,4308.373626373626,0.0002550623499963933
2024-05-03,4308.384615384615,0.00025506169942790535
2024-05-04,4308.395604395604,0.0002550610488594174
2024-05-05,4308.406593406594,0.0002550603983131339
2024-05-06,4308.417582417583,0.0002550597477446459
2024-05-07,4308.428571428572,0.0002550590971983624
2024-05-08,4308.43956043956,0.0002550584466298744
2024-05-09,4308.450549450549,0.0002550577960835909
2024-05-10,4308.461538461538,0.00025505714555951187
2024-05-11,4308.472527472528,0.0002550564950354328
2024-05-12,4308.483516483517,0.00025505584446694485
2024-05-13,4308.494505494506,0.0002550551939428658
2024-05-14,4308.505494505494,0.00025505454341878675
2024-05-15,4308.516483516483,0.0002550538928947077
2024-05-16,4308.527472527472,0.00025505324237062865
2024-05-17,4308.538461538462,0.00025505259186875406
2024-05-18,4308.549450549451,0.00025505194132247055
2024-05-19,4308.56043956044,0.00025505129082059597
2024-05-20,4308.571428571428,0.0002550506402965169
2024-05-21,4308.582417582417,0.00025504998979464233
2024-05-22,4308.593406593406,0.00025504933929276774
2024-05-23,4308.604395604396,0.0002550486888130976
2024-05-24,4308.615384615385,0.00025504803828901856
2024-05-25,4308.626373626374,0.00025504738780934844
2024-05-26,4308.6373626373625,0.00025504673730747385
2024-05-27,4308.648351648351,0.0002550460868278037
2024-05-28,4308.659340659341,0.00025504543637033805
2024-05-29,4308.67032967033,0.00025504478586846346
2024-05-30,4308.681318681319,0.00025504413538879334
2024-05-31,4308.692307692308,0.0002550434849091232
2024-06-01,4308.7032967032965,0.0002550428344294531
2024-06-02,4308.714285714285,0.0002550421839719874
2024-06-03,4308.725274725275,0.0002550415335367262
2024-06-04,4308.736263736264,0.0002550408830570561
2024-06-05,4308.747252747253,0.0002550402325995904
2024-06-06,4308.758241758242,0.00025503958214212474
2024-06-07,4308.7692307692305,0.0002550389316846591
2024-06-08,4308.780219780219,0.00025503828124939787
2024-06-09,4308.791208791209,0.00025503763081413666
2024-06-10,4308.802197802198,0.000255036980356671
2024-06-11,4308.813186813187,0.0002550363299214098
2024-06-12,4308.824175824176,0.0002550356794861486
2024-06-13,4308.8351648351645,0.0002550350290508874
2024-06-14,4308.846153846154,0.0002550343786600351
2024-06-15,4308.857142857143,0.0002550337282025694
2024-06-16,4308.868131868132,0.0002550330777895127
2024-06-17,4308.879120879121,0.00025503242737645593
2024-06-18,4308.89010989011,0.0002550317769633992
2024-06-19,4308.9010989010985,0.00025503112655034244
2024-06-20,4308.912087912088,0.00025503047615949015
2024-06-21,4308.923076923077,0.00025502982572422894
2024-06-22,4308.934065934066,0.00025502917533337666
2024-06-23,4308.945054945055,0.00025502852494252437
2024-06-24,4308.956043956044,0.0002550278745516721
2024-06-25,4308.9670329670325,0.0002550272241608198
2024-06-26,4308.978021978022,0.000255026573792172
2024-06-27,4308.989010989011,0.0002550259233791152
2024-06-28,4309.0,0.0002550252730104674
2024-06-29,4309.010989010989,0.0002550246226196151
2024-06-30,4309.021978021978,0.0002550239722509673
2024-07-01,4309.0329670329675,0.0002550233219045239
2024-07-02,4309.043956043956,0.00025502267151367164
2024-07-03,4309.054945054945,0.0002550220211450238
2024-07-04,4309.065934065934,0.000255021370776376
2024-07-05,4309.076923076923,0.0002550207204299326
2024-07-06,4309.087912087912,0.00025502007008348926
2024-07-07,4309.0989010989015,0.0002550194197370459
2024-07-08,4309.10989010989,0.00025501876936839807
2024-07-09,4309.120879120879,0.00025501811904415916
2024-07-10,4309.131868131868,0.0002550174686977158
2024-07-11,4309.142857142857,0.00025501681835127243
2024-07-12,4309.153846153846,0.00025501616802703353
2024-07-13,4309.1648351648355,0.0002550155177027946
2024-07-14,4309.175824175824,0.00025501486735635126
2024-07-15,4309.186813186813,0.00025501421703211236
2024-07-16,4309.197802197802,0.00025501356670787345
2024-07-17,4309.208791208791,0.000255012916405839
2024-07-18,4309.219780219781,0.00025501226610380456
2024-07-19,4309.2307692307695,0.00025501161577956566
2024-07-20,4309.241758241758,0.0002550109654775312
2024-07-21,4309.252747252747,0.0002550103151532923
2024-07-22,4309.263736263736,0.00025500966487346233
2024-07-23,4309.274725274725,0.0002550090145714279
2024-07-24,4309.285714285715,0.0002550083642915979
2024-07-25,4309.2967032967035,0.00025500771398956346
2024-07-26,4309.307692307692,0.000255007063687529
2024-07-27,4309.318681318681,0.00025500641340769903
2024-07-28,4309.32967032967,0.00025500576312786905
2024-07-29,4309.340659340659,0.00025500511284803906
2024-07-30,4309.351648351649,0.00025500446259041354
2024-07-31,4309.3626373626375,0.00025500381231058356
2024-08-01,4309.373626373626,0.00025500316203075357
2024-08-02,4309.384615384615,0.00025500251177312805
2024-08-03,4309.395604395604,0.0002550018615155025
2024-08-04,4309.406593406594,0.00025500121128008146
2024-08-05,4309.417582417583,0.0002550005610002515
2024-08-06,4309.428571428572,0.00025499991074262596
2024-08-07,4309.43956043956,0.0002549992605072049
2024-08-08,4309.450549450549,0.00025499861024957937
2024-08-09,4309.461538461538,0.0002549979600141583
2024-08-10,4309.472527472528,0.0002549973098009417
2024-08-11,4309.483516483517,0.0002549966595433162
2024-08-12,4309.494505494506,0.0002549960093078951
2024-08-13,4309.505494505494,0.00025499535907247406
2024-08-14,4309.516483516483,0.00025499470885925746
2024-08-15,4309.527472527472,0.0002549940586238364
2024-08-16,4309.538461538462,0.00025499340843282425
2024-08-17,4309.549450549451,0.0002549927581974032
2024-08-18,4309.56043956044,0.0002549921079841866
2024-08-19,4309.571428571428,0.00025499145779317445
2024-08-20,4309.582417582417,0.00025499080757995785
2024-08-21,4309.593406593406,0.00025499015736674124
2024-08-22,4309.604395604396,0.00025498950719793356
2024-08-23,4309.615384615385,0.00025498885698471696
2024-08-24,4309.626373626374,0.0002549882067937048
2024-08-25,4309.6373626373625,0.0002549875566026927
2024-08-26,4309.648351648351,0.00025498690641168054
2024-08-27,4309.659340659341,0.0002549862562650773
2024-08-28,4309.67032967033,0.0002549856060518607
2024-08-29,4309.681318681319,0.00025498495588305303
2024-08-30,4309.692307692308,0.00025498430571424535
2024-08-31,4309.7032967032965,0.00025498365554543767
2024-09-01,4309.714285714285,0.00025498300537663
2024-09-02,4309.725274725275,0.00025498235523002677
2024-09-03,4309.736263736264,0.0002549817050612191
2024-09-04,4309.747252747253,0.00025498105491461587
2024-09-05,4309.758241758242,0.0002549804047458082
2024-09-06,4309.7692307692305,0.00025497975459920497
2024-09-07,4309.780219780219,0.00025497910445260175
2024-09-08,4309.791208791209,0.000254978454328203
2024-09-09,4309.802197802198,0.00025497780418159977
2024-09-10,4309.813186813187,0.00025497715403499654
2024-09-11,4309.824175824176,0.0002549765039105978
2024-09-12,4309.8351648351645,0.000254975853786199
2024-09-13,4309.846153846154,0.0002549752036840047
2024-09-14,4309.857142857143,0.0002549745535374015
2024-09-15,4309.868131868132,0.00025497390341300274
2024-09-16,4309.879120879121,0.00025497325331080845
2024-09-17,4309.89010989011,0.0002549726031864097
2024-09-18,4309.9010989010985,0.0002549719530842154
2024-09-19,4309.912087912088,0.00025497130300422555
2024-09-20,4309.923076923077,0.0002549706528798268
2024-09-21,4309.934065934066,0.0002549700027776325
2024-09-22,4309.945054945055,0.0002549693526754382
2024-09-23,4309.956043956044,0.00025496870259544835
2024-09-24,4309.9670329670325,0.00025496805249325405
2024-09-25,4309.978021978022,0.00025496740243546867
2024-09-26,4309.989010989011,0.00025496675233327437
2024-09-27,4310.0,0.00025496610225328453
2024-09-28,4309.9157894736845,-0.0019538405177654816
2024-09-29,4309.831578947368,-0.001953878693450317
2024-09-30,4309.747368421053,-0.001953916870600647
2024-10-01,4309.663157894737,-0.0019539550492608804
2024-10-02,4309.578947368421,-0.001953993229431017
2024-10-03,4309.494736842105,-0.0019540314110444434
2024-10-04,4309.41052631579,-0.0019540695941788755
2024-10-05,4309.3263157894735,-0.001954107778823211
2024-10-06,4309.242105263158,-0.0019541459649219384
2024-10-07,4309.1578947368425,-0.0019541841525416714
2024-10-08,4309.073684210526,-0.0019542223416602056
2024-10-09,4308.989473684211,-0.001954260532233132
2024-10-10,4308.905263157894,-0.001954298724349268
2024-10-11,4308.821052631579,-0.0019543369179086945
2024-10-12,4308.736842105263,-0.001954375112978024
2024-10-13,4308.652631578947,-0.001954413309568359
2024-10-14,4308.5684210526315,-0.0019544515076130864
2024-10-15,4308.484210526316,-0.0019544897071566147
2024-10-16,4308.4,-0.001954527908232251
2024-10-17,4308.315789473684,-0.001954566110751177
2024-10-18,4308.231578947369,-0.0019546043147800063
2024-10-19,4308.147368421052,-0.001954642520329841
2024-10-20,4308.063157894737,-0.0019546807273340683
2024-10-21,4307.978947368421,-0.0019547189358481987
2024-10-22,4307.894736842105,-0.0019547571458722324
2024-10-23,4307.8105263157895,-0.0019547953573506582
2024-10-24,4307.726315789474,-0.0019548335703500896
2024-10-25,4307.642105263158,-0.0019548717848594244
2024-10-26,4307.557894736842,-0.0019549100008231513
2024-10-27,4307.473684210527,-0.0019549482182967814
2024-10-28,4307.38947368421,-0.001954986437291417
2024-10-29,4307.305263157895,-0.001955024657740445
2024-10-30,4307.221052631579,-0.0019550628796993763
2024-10-31,4307.136842105263,-0.001955101103179313
2024-11-01,4307.0526315789475,-0.001955139328113642
2024-11-02,4306.968421052631,-0.0019551775545800787
2024-11-03,4306.884210526316,-0.0019552157824898053
2024-11-04,4306.8,-0.0019552540119316397
2024-11-05,4306.715789473684,-0.0019552922428833774
2024-11-06,4306.631578947368,-0.0019553304752895073
2024-11-07,4306.547368421053,-0.0019553687092055405
2024-11-08,4306.4631578947365,-0.0019554069446425792
2024-11-09,4306.378947368421,-0.00195544518153401
2024-11-10,4306.2947368421055,-0.0019554834199353444
2024-11-11,4306.210526315789,-0.001955521659857684
2024-11-12,4306.126315789474,-0.001955559901234416
2024-11-13,4306.042105263158,-0.0019555981441321535
2024-11-14,4305.957894736842,-0.0019556363885397943
2024-11-15,4305.873684210526,-0.001955674634401827
2024-11-16,4305.789473684211,-0.0019557128817848657
2024-11-17,4305.7052631578945,-0.0019557511306778075
2024-11-18,4305.621052631579,-0.0019557893810362437
2024-11-19,4305.5368421052635,-0.001955827632904583
2024-11-20,4305.452631578947,-0.001955865886293928
2024-11-21,4305.368421052632,-0.001955904141126563
2024-11-22,4305.284210526316,-0.001955942397491306
2024-11-23,4305.2,-0.001955980655365952
2024-11-24,4305.115789473684,-0.0019560189146949902
2024-11-25,4305.031578947369,-0.001956057175545034
2024-11-26,4304.9473684210525,-0.001956095437904981
2024-11-27,4304.863157894737,-0.0019561337017304226
2024-11-28,4304.778947368421,-0.001956171967087972
2024-11-29,4304.694736842105,-0.0019562102339110155
2024-11-30,4304.61052631579,-0.0019562485022439624
2024-12-01,4304.526315789473,-0.0019562867720868127
2024-12-02,4304.442105263158,-0.0019563250433951573
2024-12-03,4304.357894736842,-0.0019563633162245075
2024-12-04,4304.273684210526,-0.001956401590563761
2024-12-05,4304.1894736842105,-0.001956439866368509
2024-12-06,4304.105263157895,-0.00195647814368316
2024-12-07,4304.021052631579,-0.001956516422518817
2024-12-08,4303.936842105263,-0.001956554702819968
2024-12-09,4303.852631578948,-0.0019565929846310226
2024-12-10,4303.768421052631,-0.0019566312679630826
2024-12-11,4303.684210526316,-0.001956669552749535
2024-12-12,4303.6,-0.0019567078390569925
2024-12-13,4303.515789473684,-0.0019567461268743536
2024-12-14,4303.4315789473685,-0.001956784416157209
2024-12-15,4303.347368421053,-0.00195682270696107
2024-12-16,4303.263157894737,-0.0019568609992859365
2024-12-17,4303.178947368421,-0.001956899293065195
2024-12-18,4303.094736842106,-0.0019569375883654594
2024-12-19,4303.010526315789,-0.001956975885175627
2024-12-20,4302.926315789474,-0.001957014183451289
2024-12-21,4302.8421052631575,-0.001957052483270161
2024-12-22,4302.757894736842,-0.001957090784543425
2024-12-23,4302.6736842105265,-0.0019571290873376945
2024-12-24,4302.58947368421,-0.0019571673916529697
2024-12-25,4302.505263157895,-0.001957205697422637
2024-12-26,4302.421052631579,-0.00195724400471331
2024-12-27,4302.336842105263,-0.0019572823135249884
2024-12-28,4302.252631578947,-0.001957320623791059
2024-12-29,4302.168421052632,-0.001957358935578135
2024-12-30,4302.0842105263155,-0.001957397248897319
2024-12-31,4302.0,-0.001957435563659793
